department_id,department_name_ko,course_name_standardized,subject_group,assigned_weight,evidence_count,source_count,example_original,example_note
D01,건축학과,과학,과학,1.0,19,1,"국어, 사회, 과학, 기술·가정/교양","강원대
(삼척·도계) / 공학대학 / 도시건축학과(5년제) / match=high"
D01,건축학과,물리학,과학,1.0,23,1,"화법과 언어, 독서와 작문, 사회와 문화, 물리학, 기술․ 가정, 인간과 철학, 생태와 환경","강원대
(삼척·도계) / 공학대학 / 도시건축학과(5년제) / match=high"
D01,건축학과,물질과 에너지,과학,1.0,3,1,"기하, 미적분Ⅱ, 도시의 미래탐구, 역학과 에너지, 물질과 에너지, 화학 반응의 세계, 세포와 물질대사, 생물의 유전",광운대 / 공과대학 / 건축공학과 / match=medium
D01,건축학과,생명과학,과학,1.0,3,1,"대수, 미적분Ⅰ, 확률과 통계, 물리학, 화학, 생명과학, 정보",광운대 / 공과대학 / 건축공학과 / match=medium
D01,건축학과,생물의 유전,과학,1.0,3,1,"기하, 미적분Ⅱ, 도시의 미래탐구, 역학과 에너지, 물질과 에너지, 화학 반응의 세계, 세포와 물질대사, 생물의 유전",광운대 / 공과대학 / 건축공학과 / match=medium
D01,건축학과,세포와 물질대사,과학,1.0,3,1,"기하, 미적분Ⅱ, 도시의 미래탐구, 역학과 에너지, 물질과 에너지, 화학 반응의 세계, 세포와 물질대사, 생물의 유전",광운대 / 공과대학 / 건축공학과 / match=medium
D01,건축학과,역학과 에너지,과학,1.0,7,1,"미적분Ⅱ, 역학과 에너지",고려대 / 공과대학 / 건축사회환경공학부 / match=medium
D01,건축학과,전자기와 양자,과학,1.0,1,1,"미적분Ⅱ, 기하, 물리학, 역학과 에너지, 전자기와 양자",중앙대 / 건축학부 / match=high
D01,건축학과,지구과학,과학,1.0,4,1,"국어, 영어, 수학(기하), 과학(지구과학, 물리, 화학)",서울시립대 / 건축학부 건축학전공 / match=high
D01,건축학과,화학,과학,1.0,13,1,"대수, 미적분Ⅰ, 확률과 통계, 물리학, 화학, 생명과학, 정보",광운대 / 공과대학 / 건축공학과 / match=medium
D01,건축학과,화학 반응의 세계,과학,1.0,3,1,"기하, 미적분Ⅱ, 도시의 미래탐구, 역학과 에너지, 물질과 에너지, 화학 반응의 세계, 세포와 물질대사, 생물의 유전",광운대 / 공과대학 / 건축공학과 / match=medium
D01,건축학과,국어,국어,1.0,6,1,"국어, 사회, 과학, 기술·가정/교양","강원대
(삼척·도계) / 공학대학 / 도시건축학과(5년제) / match=high"
D01,건축학과,독서와 작문,국어,1.0,2,1,"화법과 언어, 독서와 작문, 사회와 문화, 물리학, 기술․ 가정, 인간과 철학, 생태와 환경","강원대
(삼척·도계) / 공학대학 / 도시건축학과(5년제) / match=high"
D01,건축학과,화법과 언어,국어,1.0,2,1,"화법과 언어, 독서와 작문, 사회와 문화, 물리학, 기술․ 가정, 인간과 철학, 생태와 환경","강원대
(삼척·도계) / 공학대학 / 도시건축학과(5년제) / match=high"
D01,건축학과,미술,기타,1.0,1,1,"-일반선택: 화법과 언어, 독서와 작문, 대수, 미적분Ⅰ, 확률과 통계, 영어Ⅰ, 영어Ⅱ, 영어 독해와 작문, 물리학, 화학, 생명과학, 지구과학, 세계시민과 지리, 세계사, 사회와 문화, 미술, 정보, 생태와 환경 -진로선택: 직무 의사소통, 기하, 미적분Ⅱ, 직무 수학, 영어 발표와 토론, 역학과 에너지, 물질과 에너지, 화학 반응의 세계, 세포와 물질대사, 생물의 유전, 지구시스템과학, 한국지리 탐구, 도시의 미래 탐구, 동아시아 역사기행, 인공지능 기초, 미술 창작, 미술 감상과 비평, 인간과 철학, 논리와 사고, 인간과 심리",영남대 / 건설 / 건축학부 / match=high
D01,건축학과,인공지능,기타,1.0,2,1,"미적분, 기하, 물리학, 정보, 인공지능 기초","강원대
(춘천) / 문화예술·공과대학 / 건축공학과 / match=medium"
D01,건축학과,정보,기타,1.0,5,1,"미적분, 기하, 물리학, 정보, 인공지능 기초","강원대
(춘천) / 문화예술·공과대학 / 건축공학과 / match=medium"
D01,건축학과,사회,사회,1.0,7,1,"화법과 언어, 독서와 작문, 사회와 문화, 물리학, 기술․ 가정, 인간과 철학, 생태와 환경","강원대
(삼척·도계) / 공학대학 / 도시건축학과(5년제) / match=high"
D01,건축학과,역사,사회,1.0,2,1,"-일반선택: 화법과 언어, 독서와 작문, 대수, 미적분Ⅰ, 확률과 통계, 영어Ⅰ, 영어Ⅱ, 영어 독해와 작문, 물리학, 화학, 생명과학, 지구과학, 세계시민과 지리, 세계사, 사회와 문화, 미술, 정보, 생태와 환경 -진로선택: 직무 의사소통, 기하, 미적분Ⅱ, 직무 수학, 영어 발표와 토론, 역학과 에너지, 물질과 에너지, 화학 반응의 세계, 세포와 물질대사, 생물의 유전, 지구시스템과학, 한국지리 탐구, 도시의 미래 탐구, 동아시아 역사기행, 인공지능 기초, 미술 창작, 미술 감상과 비평, 인간과 철학, 논리와 사고, 인간과 심리",영남대 / 건설 / 건축학부 / match=high
D01,건축학과,지리,사회,1.0,1,1,"-일반선택: 화법과 언어, 독서와 작문, 대수, 미적분Ⅰ, 확률과 통계, 영어Ⅰ, 영어Ⅱ, 영어 독해와 작문, 물리학, 화학, 생명과학, 지구과학, 세계시민과 지리, 세계사, 사회와 문화, 미술, 정보, 생태와 환경 -진로선택: 직무 의사소통, 기하, 미적분Ⅱ, 직무 수학, 영어 발표와 토론, 역학과 에너지, 물질과 에너지, 화학 반응의 세계, 세포와 물질대사, 생물의 유전, 지구시스템과학, 한국지리 탐구, 도시의 미래 탐구, 동아시아 역사기행, 인공지능 기초, 미술 창작, 미술 감상과 비평, 인간과 철학, 논리와 사고, 인간과 심리",영남대 / 건설 / 건축학부 / match=high
D01,건축학과,기하,수학,1.0,16,1,"미적분, 기하, 물리학, 정보, 인공지능 기초","강원대
(춘천) / 문화예술·공과대학 / 건축공학과 / match=medium"
D01,건축학과,대수,수학,1.0,15,1,"수학(대수, 미적분Ⅰ, 미적분Ⅱ, 확률과 통계), 과학",건국대 / 건축 / 건축대학 / match=medium
D01,건축학과,미적분,수학,1.0,26,1,"미적분, 기하, 물리학, 정보, 인공지능 기초","강원대
(춘천) / 문화예술·공과대학 / 건축공학과 / match=medium"
D01,건축학과,미적분Ⅰ,수학,1.0,12,1,"수학(대수, 미적분Ⅰ, 미적분Ⅱ, 확률과 통계), 과학",건국대 / 건축 / 건축대학 / match=medium
D01,건축학과,미적분Ⅱ,수학,1.0,17,1,"수학(대수, 미적분Ⅰ, 미적분Ⅱ, 확률과 통계), 과학",건국대 / 건축 / 건축대학 / match=medium
D01,건축학과,수학,수학,1.0,18,1,"수학, 과학, 기술·가정/정보","강원대
(춘천) / 문화예술·공과대학 / 건축공학과 / match=medium"
D01,건축학과,확률과 통계,수학,1.0,12,1,"수학(대수, 미적분Ⅰ, 미적분Ⅱ, 확률과 통계), 과학",건국대 / 건축 / 건축대학 / match=medium
D01,건축학과,영어,영어,1.0,11,1,"영어 독해와 작문, 영어 발표와 토론, 미적분, 물리학","강원대
(춘천) / 문화예술·공과대학 / 건축학과(5년제) / match=high"
D02,국어국문학과,과학,과학,1.0,2,1,"수학, 과학/사회",아주대 / 인문대학 / 국어국문학과 / match=high
D02,국어국문학과,국어,국어,1.0,11,1,"국어, 사회, 한문","강원대
(춘천) / 인문대학 / 국어국문학과 / match=high"
D02,국어국문학과,독서와 작문,국어,1.0,3,1,"화법과 언어, 독서와 작문, 문학, 세계사, 동아시아 역사기행, 한문, 한문 고전 읽기","강원대
(춘천) / 인문대학 / 국어국문학과 / match=high"
D02,국어국문학과,문학,국어,1.0,4,1,"화법과 언어, 독서와 작문, 문학, 세계사, 동아시아 역사기행, 한문, 한문 고전 읽기","강원대
(춘천) / 인문대학 / 국어국문학과 / match=high"
D02,국어국문학과,화법과 언어,국어,1.0,3,1,"화법과 언어, 독서와 작문, 문학, 세계사, 동아시아 역사기행, 한문, 한문 고전 읽기","강원대
(춘천) / 인문대학 / 국어국문학과 / match=high"
D02,국어국문학과,인공지능,기타,1.0,1,1,"-일반선택: 화법과 언어, 독서와 작문, 문학, 확률과 통계, 영어Ⅰ, 영어Ⅱ, 영어 독해와 작문, 세계시민과 지리, 세계사, 사회와 문화, 현대사회와 윤리, 제2외국어 관련 과목, 한문, 진로와 직업 -진로선택: 주제 탐구 독서, 문학과 영상, 직무 의사소통, 영미 문학 읽기, 영어 발표와 토론, 심화 영어, 심화 영어 독해와 작문, 직무 영어, 도시의 미래 탐구, 동아시아 역사 기행, 정치, 법과 사회, 윤리와 사상, 인문학과 윤리, 국제 관계의 이해, 생활과학 탐구, 인공지능 기초, 제2외국어 관련 과목: 한문 고전 읽기, 인간과 철학, 논리와 사고",영남대 / 언어·문학 / 국어국문학과 / match=high
D02,국어국문학과,사회,사회,1.0,11,1,인문사회계열 진로 및 적성을 고려하여 교과목 선택 이수,가톨릭대 / 국어국문학과 / match=high
D02,국어국문학과,역사,사회,1.0,4,1,"화법과 언어, 독서와 작문, 문학, 세계사, 동아시아 역사기행, 한문, 한문 고전 읽기","강원대
(춘천) / 인문대학 / 국어국문학과 / match=high"
D02,국어국문학과,윤리,사회,1.0,3,1,"화법과 언어, 독서와 작문, 문학, 대수, 미적분Ⅰ, 확률과 통계, 사회와 문화, 현대사회와 윤리, 한문, 제2외국어 과목",광운대 / 인문사회과학대학 / 국어국문학과 / match=high
D02,국어국문학과,일반사회,사회,0.5,1,1,"역사, 일반사회, 한문",동국대 / 문과 / 국어국문·문예창작학부 / match=high
D02,국어국문학과,지리,사회,1.0,1,1,"-일반선택: 화법과 언어, 독서와 작문, 문학, 확률과 통계, 영어Ⅰ, 영어Ⅱ, 영어 독해와 작문, 세계시민과 지리, 세계사, 사회와 문화, 현대사회와 윤리, 제2외국어 관련 과목, 한문, 진로와 직업 -진로선택: 주제 탐구 독서, 문학과 영상, 직무 의사소통, 영미 문학 읽기, 영어 발표와 토론, 심화 영어, 심화 영어 독해와 작문, 직무 영어, 도시의 미래 탐구, 동아시아 역사 기행, 정치, 법과 사회, 윤리와 사상, 인문학과 윤리, 국제 관계의 이해, 생활과학 탐구, 인공지능 기초, 제2외국어 관련 과목: 한문 고전 읽기, 인간과 철학, 논리와 사고",영남대 / 언어·문학 / 국어국문학과 / match=high
D02,국어국문학과,대수,수학,1.0,1,1,"화법과 언어, 독서와 작문, 문학, 대수, 미적분Ⅰ, 확률과 통계, 사회와 문화, 현대사회와 윤리, 한문, 제2외국어 과목",광운대 / 인문사회과학대학 / 국어국문학과 / match=high
D02,국어국문학과,미적분,수학,1.0,1,1,"화법과 언어, 독서와 작문, 문학, 대수, 미적분Ⅰ, 확률과 통계, 사회와 문화, 현대사회와 윤리, 한문, 제2외국어 과목",광운대 / 인문사회과학대학 / 국어국문학과 / match=high
D02,국어국문학과,미적분Ⅰ,수학,1.0,1,1,"화법과 언어, 독서와 작문, 문학, 대수, 미적분Ⅰ, 확률과 통계, 사회와 문화, 현대사회와 윤리, 한문, 제2외국어 과목",광운대 / 인문사회과학대학 / 국어국문학과 / match=high
D02,국어국문학과,수학,수학,1.0,1,1,"수학, 과학/사회",아주대 / 인문대학 / 국어국문학과 / match=high
D02,국어국문학과,확률과 통계,수학,1.0,2,1,"화법과 언어, 독서와 작문, 문학, 대수, 미적분Ⅰ, 확률과 통계, 사회와 문화, 현대사회와 윤리, 한문, 제2외국어 과목",광운대 / 인문사회과학대학 / 국어국문학과 / match=high
D02,국어국문학과,영어,영어,1.0,5,1,"주제 탐구 독서, 문학과 영상, 영미 문학 읽기, 영어 발표와 토론, 윤리와 사상, 인문학과 윤리",광운대 / 인문사회과학대학 / 국어국문학과 / match=high
D03,심리학과,과학,과학,1.0,1,1,"대수, 미적분Ⅰ, 확률과 통계, 과학/사회",아주대 / 사회과학대학 / 심리학과 / match=high
D03,심리학과,물리학,과학,0.5,1,1,영남대,대표모집단위=심리 / match=medium
D03,심리학과,국어,국어,1.0,12,2,강원대(춘천),대표모집단위=심리 / match=medium
D03,심리학과,독서와 작문,국어,1.0,4,1,"화법과 언어, 독서와 작문, 영어 독해와 작문, 영어 발표와 토론, 확률과 통계, 사회와 문화","강원대
(춘천) / 사회과학대학 / 심리학과 / match=high"
D03,심리학과,문학,국어,1.0,3,1,"화법과 언어, 독서와 작문, 문학, 대수, 미적분Ⅰ, 확률과 통계, 사회와 문화, 현대사회와 윤리, 한문, 제2외국어 과목",광운대 / 인문사회과학대학 / 산업심리학과 / match=high
D03,심리학과,화법과 언어,국어,1.0,4,1,"화법과 언어, 독서와 작문, 영어 독해와 작문, 영어 발표와 토론, 확률과 통계, 사회와 문화","강원대
(춘천) / 사회과학대학 / 심리학과 / match=high"
D03,심리학과,인공지능,기타,1.0,1,1,"-일반선택: 화법과 언어, 독서와 작문, 문학, 영어Ⅰ, 영어Ⅱ, 영어 독해와 작문, 세계시민과 지리, 세계사, 사회와 문화, 현대사회와 윤리 -진로선택: 주제 탐구 독서, 문학과 영상, 직무 의사소통, 영어 발표와 토론, 심화 영어, 심화 영어 독해와 작문, 직무 영어, 한국지리 탐구, 도시의 미래 탐구, 동아시아 역사 기행, 정치, 법과 사회, 경제, 윤리와 사상, 인문학과 윤리, 국제 관계의 이해, 인공지능 기초, 인간과 철학, 논리와 사고, 삶과 종교",영남대 / 사회과학 / 심리학과 / match=high
D03,심리학과,경제,사회,1.0,1,1,"-일반선택: 화법과 언어, 독서와 작문, 문학, 영어Ⅰ, 영어Ⅱ, 영어 독해와 작문, 세계시민과 지리, 세계사, 사회와 문화, 현대사회와 윤리 -진로선택: 주제 탐구 독서, 문학과 영상, 직무 의사소통, 영어 발표와 토론, 심화 영어, 심화 영어 독해와 작문, 직무 영어, 한국지리 탐구, 도시의 미래 탐구, 동아시아 역사 기행, 정치, 법과 사회, 경제, 윤리와 사상, 인문학과 윤리, 국제 관계의 이해, 인공지능 기초, 인간과 철학, 논리와 사고, 삶과 종교",영남대 / 사회과학 / 심리학과 / match=high
D03,심리학과,사회,사회,1.0,9,1,인문사회계열 진로 및 적성을 고려하여 교과목 선택 이수[수학(확률과 통계) 포함],가톨릭대 / 심리학과 / match=high
D03,심리학과,역사,사회,1.0,1,1,"-일반선택: 화법과 언어, 독서와 작문, 문학, 영어Ⅰ, 영어Ⅱ, 영어 독해와 작문, 세계시민과 지리, 세계사, 사회와 문화, 현대사회와 윤리 -진로선택: 주제 탐구 독서, 문학과 영상, 직무 의사소통, 영어 발표와 토론, 심화 영어, 심화 영어 독해와 작문, 직무 영어, 한국지리 탐구, 도시의 미래 탐구, 동아시아 역사 기행, 정치, 법과 사회, 경제, 윤리와 사상, 인문학과 윤리, 국제 관계의 이해, 인공지능 기초, 인간과 철학, 논리와 사고, 삶과 종교",영남대 / 사회과학 / 심리학과 / match=high
D03,심리학과,윤리,사회,1.0,4,2,광운대,대표모집단위=심리 / match=medium
D03,심리학과,일반사회,사회,0.5,6,1,강원대(춘천),대표모집단위=심리 / match=medium
D03,심리학과,지리,사회,1.0,1,1,"-일반선택: 화법과 언어, 독서와 작문, 문학, 영어Ⅰ, 영어Ⅱ, 영어 독해와 작문, 세계시민과 지리, 세계사, 사회와 문화, 현대사회와 윤리 -진로선택: 주제 탐구 독서, 문학과 영상, 직무 의사소통, 영어 발표와 토론, 심화 영어, 심화 영어 독해와 작문, 직무 영어, 한국지리 탐구, 도시의 미래 탐구, 동아시아 역사 기행, 정치, 법과 사회, 경제, 윤리와 사상, 인문학과 윤리, 국제 관계의 이해, 인공지능 기초, 인간과 철학, 논리와 사고, 삶과 종교",영남대 / 사회과학 / 심리학과 / match=high
D03,심리학과,대수,수학,1.0,6,2,광운대,대표모집단위=심리 / match=medium
D03,심리학과,미적분,수학,1.0,2,1,"화법과 언어, 독서와 작문, 문학, 대수, 미적분Ⅰ, 확률과 통계, 사회와 문화, 현대사회와 윤리, 한문, 제2외국어 과목",광운대 / 인문사회과학대학 / 산업심리학과 / match=high
D03,심리학과,미적분Ⅰ,수학,1.0,5,2,광운대,대표모집단위=심리 / match=medium
D03,심리학과,수학,수학,1.0,3,1,인문사회계열 진로 및 적성을 고려하여 교과목 선택 이수[수학(확률과 통계) 포함],가톨릭대 / 심리학과 / match=high
D03,심리학과,확률과 통계,수학,1.0,11,2,가톨릭대,대표모집단위=심리 / match=medium
D03,심리학과,영어,영어,1.0,16,2,강원대(춘천),대표모집단위=심리 / match=medium
D04,기계공학과,과학,과학,1.0,14,1,"영어, 수학, 과학","강원대
(삼척·도계) / 공학대학 / 기계공학과 / match=high"
D04,기계공학과,물리학,과학,1.0,42,2,강원대(삼척),대표모집단위=기계공학 / match=medium
D04,기계공학과,물질과 에너지,과학,1.0,4,1,"물질과 에너지, 화학 반응의 세계",경희대 / 기계 / 기계공학부 / match=high
D04,기계공학과,생명과학,과학,1.0,1,1,"수학, 물리학, 생명과학","전남대
(광주) / 농업생명과학대학 / 융합바이오시스템기계공학과 / match=high"
D04,기계공학과,역학과 에너지,과학,1.0,10,1,"대수, 미적분Ⅰ, 확률과 통계, 물리학, 화학, 미적분Ⅱ, 기하, 역학과 에너지, 전자기와 양자",경희대 / 기계 / 기계공학부 / match=high
D04,기계공학과,전자기와 양자,과학,1.0,9,1,"대수, 미적분Ⅰ, 확률과 통계, 물리학, 화학, 미적분Ⅱ, 기하, 역학과 에너지, 전자기와 양자",경희대 / 기계 / 기계공학부 / match=high
D04,기계공학과,화학,과학,1.0,22,2,강원대(삼척),대표모집단위=기계공학 / match=medium
D04,기계공학과,화학 반응의 세계,과학,1.0,4,1,"물질과 에너지, 화학 반응의 세계",경희대 / 기계 / 기계공학부 / match=high
D04,기계공학과,국어,국어,1.0,5,2,단국대*,대표모집단위=기계공학 / match=medium
D04,기계공학과,인공지능,기타,1.0,3,1,"-일반선택: 대수, 미적분Ⅰ, 확률과 통계, 영어Ⅰ, 영어Ⅱ, 영어 독해와 작문, 물리학, 화학, 정보 -진로선택: 기하, 미적분Ⅱ, 인공지능 수학, 영어 발표와 토론, 역학과 에너지, 전자기와 양자, 물질과 에너지, 화학 반응의 세계, 로봇과 공학세계, 인공지능 기초, 데이터 과학",영남대 / 기계 / 기계공학부 / match=high
D04,기계공학과,정보,기타,1.0,3,1,"-일반선택: 대수, 미적분Ⅰ, 확률과 통계, 영어Ⅰ, 영어Ⅱ, 영어 독해와 작문, 물리학, 화학, 정보 -진로선택: 기하, 미적분Ⅱ, 인공지능 수학, 영어 발표와 토론, 역학과 에너지, 전자기와 양자, 물질과 에너지, 화학 반응의 세계, 로봇과 공학세계, 인공지능 기초, 데이터 과학",영남대 / 기계 / 기계공학부 / match=high
D04,기계공학과,사회,사회,1.0,1,1,"국어, 영어, 수학, 사회(역사/도덕 포함), 과학 교과",한라대 / 스마트모빌리티융합대학 / 기계자동차공학과 / match=medium
D04,기계공학과,역사,사회,1.0,1,1,"국어, 영어, 수학, 사회(역사/도덕 포함), 과학 교과",한라대 / 스마트모빌리티융합대학 / 기계자동차공학과 / match=medium
D04,기계공학과,기하,수학,1.0,19,2,국민대,대표모집단위=기계공학 / match=medium
D04,기계공학과,대수,수학,1.0,24,2,경북대,대표모집단위=기계공학 / match=medium
D04,기계공학과,미적분,수학,1.0,20,1,"영어 독해와 작문, 영어 발표와 토론, 미적분, 물리학, 화학","강원대
(삼척·도계) / 공학대학 / 기계공학과 / match=high"
D04,기계공학과,미적분Ⅰ,수학,1.0,17,2,강원대(삼척),대표모집단위=기계공학 / match=medium
D04,기계공학과,미적분Ⅱ,수학,1.0,23,2,강원대(삼척),대표모집단위=기계공학 / match=medium
D04,기계공학과,수학,수학,1.0,13,1,"영어, 수학, 과학","강원대
(삼척·도계) / 공학대학 / 기계공학과 / match=high"
D04,기계공학과,확률과 통계,수학,1.0,11,2,서울시립대,대표모집단위=기계공학 / match=medium
D04,기계공학과,영어,영어,1.0,12,2,강원대(삼척),대표모집단위=기계공학 / match=medium
D05,화학과,과학,과학,1.0,20,1,"확률과 통계, 미적분, 생명과학, 화학","강원대
(춘천) / 자연과학대학 / 화학·생화학부 / match=medium"
D05,화학과,물리학,과학,1.0,20,2,경기대,대표모집단위=화학 / match=medium
D05,화학과,물질과 에너지,과학,1.0,9,1,"대수, 미적분Ⅰ, 확률과 통계, 미적분Ⅱ, 화학, 물질과 에너지, 화학 반응의 세계",경희대 / 화학 / 응용화학과 / match=medium
D05,화학과,생명과학,과학,1.0,18,2,강원대(춘천),대표모집단위=화학 / match=medium
D05,화학과,생물의 유전,과학,1.0,6,1,"화학 반응의 세계, 세포와 물질대사, 생물의 유전",경북대 / 자연과학대학 / 화학과 / match=medium
D05,화학과,세포와 물질대사,과학,1.0,6,1,"화학 반응의 세계, 세포와 물질대사, 생물의 유전",경북대 / 자연과학대학 / 화학과 / match=medium
D05,화학과,역학과 에너지,과학,1.0,5,1,"기하, 물리학, 생명과학, [역학과 에너지, 전자기와 양자 중 1과목]",경희대 / 화학 / 응용화학과 / match=medium
D05,화학과,전자기와 양자,과학,1.0,5,1,"기하, 물리학, 생명과학, [역학과 에너지, 전자기와 양자 중 1과목]",경희대 / 화학 / 응용화학과 / match=medium
D05,화학과,화학,과학,1.0,41,2,가톨릭대,대표모집단위=화학 / match=medium
D05,화학과,화학 반응의 세계,과학,1.0,11,1,"화학 반응의 세계, 세포와 물질대사, 생물의 유전",경북대 / 자연과학대학 / 화학과 / match=medium
D05,화학과,국어,국어,1.0,7,1,"국어, 영어, 사회","강원대
(춘천) / 문화예술·공과대학 / 영상문화학과 / match=medium"
D05,화학과,독서와 작문,국어,1.0,2,1,"화법과 언어, 문학, 독서와 작문, 사회와 문화","강원대
(춘천) / 문화예술·공과대학 / 영상문화학과 / match=medium"
D05,화학과,문학,국어,1.0,4,1,"화법과 언어, 문학, 독서와 작문, 사회와 문화","강원대
(춘천) / 문화예술·공과대학 / 영상문화학과 / match=medium"
D05,화학과,화법과 언어,국어,1.0,2,1,"화법과 언어, 문학, 독서와 작문, 사회와 문화","강원대
(춘천) / 문화예술·공과대학 / 영상문화학과 / match=medium"
D05,화학과,인공지능,기타,1.0,4,1,"인공지능 수학, 물질과 에너지, 화학 반응의 세계",국민대 / 과학기술대학 / 응용화학부 나노소재전공 / match=medium
D05,화학과,정보,기타,1.0,2,1,"-일반선택: 대수, 미적분Ⅰ, 확률과 통계, 영어Ⅰ, 영어Ⅱ, 영어 독해와 작문, 물리학, 화학, 생명과학, 정보 -진로선택: 기하, 미적분Ⅱ, 인공지능 수학, 영미 문학 읽기, 영어 발표와 토론, 심화 영어, 심화 영어 독해와 작문, 직무 영어, 역학과 에너지, 전자기와 양자, 물질과 에너지, 화학 반응의 세계, 세포와 물질대사, 생물의 유전, 인공지능 기초, 데이터 과학",영남대 / 화학·생명과학·환경 / 생명공학과 / match=medium
D05,화학과,사회,사회,1.0,13,1,인문사회계열 진로 및 적성을 고려하여 교과목 선택 이수,가톨릭대 / 일어일본문화학과 / match=medium
D05,화학과,역사,사회,1.0,1,1,"-일반선택: 화법과 언어, 독서와 작문, 문학, 확률과 통계, 영어Ⅰ, 영어Ⅱ, 영어 독해와 작문, 세계시민과 지리, 세계사, 사회와 문화, 현대사회와 윤리, 제2외국어 관련 과목, 한문, 진로와 직업 -진로선택: 주제 탐구 독서, 문학과 영상, 직무 의사소통, 영미 문학 읽기, 영어 발표와 토론, 심화 영어, 심화 영어 독해와 작문, 직무 영어, 도시의 미래 탐구, 동아시아 역사 기행, 정치, 법과 사회, 윤리와 사상, 인문학과 윤리, 국제 관계의 이해, 생활과학 탐구, 인공지능 기초, 제2외국어 관련 과목: 한문 고전 읽기, 인간과 철학, 논리와 사고",영남대 / 언어·문학 / 중국언어문화학과 / match=medium
D05,화학과,윤리,사회,1.0,1,1,"-일반선택: 화법과 언어, 독서와 작문, 문학, 확률과 통계, 영어Ⅰ, 영어Ⅱ, 영어 독해와 작문, 세계시민과 지리, 세계사, 사회와 문화, 현대사회와 윤리, 제2외국어 관련 과목, 한문, 진로와 직업 -진로선택: 주제 탐구 독서, 문학과 영상, 직무 의사소통, 영미 문학 읽기, 영어 발표와 토론, 심화 영어, 심화 영어 독해와 작문, 직무 영어, 도시의 미래 탐구, 동아시아 역사 기행, 정치, 법과 사회, 윤리와 사상, 인문학과 윤리, 국제 관계의 이해, 생활과학 탐구, 인공지능 기초, 제2외국어 관련 과목: 한문 고전 읽기, 인간과 철학, 논리와 사고",영남대 / 언어·문학 / 중국언어문화학과 / match=medium
D05,화학과,지리,사회,1.0,1,1,"-일반선택: 화법과 언어, 독서와 작문, 문학, 확률과 통계, 영어Ⅰ, 영어Ⅱ, 영어 독해와 작문, 세계시민과 지리, 세계사, 사회와 문화, 현대사회와 윤리, 제2외국어 관련 과목, 한문, 진로와 직업 -진로선택: 주제 탐구 독서, 문학과 영상, 직무 의사소통, 영미 문학 읽기, 영어 발표와 토론, 심화 영어, 심화 영어 독해와 작문, 직무 영어, 도시의 미래 탐구, 동아시아 역사 기행, 정치, 법과 사회, 윤리와 사상, 인문학과 윤리, 국제 관계의 이해, 생활과학 탐구, 인공지능 기초, 제2외국어 관련 과목: 한문 고전 읽기, 인간과 철학, 논리와 사고",영남대 / 언어·문학 / 중국언어문화학과 / match=medium
D05,화학과,기하,수학,1.0,8,2,서울대,대표모집단위=화학 / match=medium
D05,화학과,대수,수학,1.0,18,2,경희대,대표모집단위=화학 / match=medium
D05,화학과,미적분,수학,1.0,16,1,"확률과 통계, 미적분, 생명과학, 화학","강원대
(춘천) / 자연과학대학 / 화학·생화학부 / match=medium"
D05,화학과,미적분Ⅰ,수학,1.0,13,2,강원대(춘천),대표모집단위=화학 / match=medium
D05,화학과,미적분Ⅱ,수학,1.0,15,2,강원대(춘천),대표모집단위=화학 / match=medium
D05,화학과,수학,수학,1.0,11,1,"화학, 수학",가톨릭대 / 화학과 / match=medium
D05,화학과,확률과 통계,수학,1.0,11,2,강원대(춘천),대표모집단위=화학 / match=medium
D05,화학과,영어,영어,1.0,10,2,영남대,대표모집단위=화학 / match=medium
D06,산업공학과,과학,과학,1.0,3,1,"영어, 수학, 과학","강원대
(춘천) / 문화예술·공과대학 / 스마트산업공학과 / match=high"
D06,산업공학과,기하,수학,1.0,2,1,"확률과 통계, 기하, 미적분Ⅱ",부산대 / 공과대학 / 산업공학과 / match=high
D06,산업공학과,대수,수학,1.0,3,1,"대수, 미적분Ⅰ,확률과 통계, 미적분Ⅱ",서울과기대 / 기술경영융합대학 / 산업공학과 ITM전공 / match=high
D06,산업공학과,미적분,수학,1.0,6,1,"미적분, 확률과 통계","강원대
(춘천) / 문화예술·공과대학 / 스마트산업공학과 / match=high"
D06,산업공학과,미적분Ⅰ,수학,1.0,3,1,"대수, 미적분Ⅰ,확률과 통계, 미적분Ⅱ",서울과기대 / 기술경영융합대학 / 산업공학과 ITM전공 / match=high
D06,산업공학과,미적분Ⅱ,수학,1.0,5,1,"확률과 통계, 기하, 미적분Ⅱ",부산대 / 공과대학 / 산업공학과 / match=high
D06,산업공학과,수학,수학,1.0,2,1,"영어, 수학, 과학","강원대
(춘천) / 문화예술·공과대학 / 스마트산업공학과 / match=high"
D06,산업공학과,확률과 통계,수학,1.0,5,1,"미적분, 확률과 통계","강원대
(춘천) / 문화예술·공과대학 / 스마트산업공학과 / match=high"
D06,산업공학과,영어,영어,1.0,2,1,"영어, 수학, 과학","강원대
(춘천) / 문화예술·공과대학 / 스마트산업공학과 / match=high"
D07,신소재공학과,과학,과학,1.0,7,1,"대수, 미적분Ⅰ, 확률과 통계, 화학, 생명과학, 세포와 물질대사, 생물과 유전, 물질과 에너지, 화학 반응의 세계",경희대 / 생명과학·환경/생활과학/농림 / 융합바이오·신소재공학과 / match=high
D07,신소재공학과,물리학,과학,1.0,8,1,"대수, 미적분Ⅰ, 확률과 통계, 미적분Ⅱ, 기하, 물리학, 화학, 물질과 에너지, 역학과 에너지",경희대 / 재료/화공·고분자·에너지 / 신소재공학과 / match=high
D07,신소재공학과,물질과 에너지,과학,1.0,7,1,"대수, 미적분Ⅰ, 확률과 통계, 화학, 생명과학, 세포와 물질대사, 생물과 유전, 물질과 에너지, 화학 반응의 세계",경희대 / 생명과학·환경/생활과학/농림 / 융합바이오·신소재공학과 / match=high
D07,신소재공학과,생명과학,과학,1.0,2,1,"대수, 미적분Ⅰ, 확률과 통계, 화학, 생명과학, 세포와 물질대사, 생물과 유전, 물질과 에너지, 화학 반응의 세계",경희대 / 생명과학·환경/생활과학/농림 / 융합바이오·신소재공학과 / match=high
D07,신소재공학과,생물의 유전,과학,1.0,2,1,"미적분Ⅱ, 역학과 에너지, 전자기와 양자, 물질과 에너지, 화학 반응의 세계, 세포와 물질대사, 생물의 유전",고려대 / 공과대학 / 신소재공학부 / match=medium
D07,신소재공학과,세포와 물질대사,과학,1.0,3,1,"대수, 미적분Ⅰ, 확률과 통계, 화학, 생명과학, 세포와 물질대사, 생물과 유전, 물질과 에너지, 화학 반응의 세계",경희대 / 생명과학·환경/생활과학/농림 / 융합바이오·신소재공학과 / match=high
D07,신소재공학과,역학과 에너지,과학,1.0,5,1,"대수, 미적분Ⅰ, 확률과 통계, 미적분Ⅱ, 기하, 물리학, 화학, 물질과 에너지, 역학과 에너지",경희대 / 재료/화공·고분자·에너지 / 신소재공학과 / match=high
D07,신소재공학과,전자기와 양자,과학,1.0,5,1,"전자기와 양자, 화학 반응의 세계",경희대 / 재료/화공·고분자·에너지 / 신소재공학과 / match=high
D07,신소재공학과,지구과학,과학,1.0,1,1,"-일반선택: 대수, 미적분Ⅰ, 확률과 통계, 물리학, 화학, 생명과학, 지구과학, 정보 -진로선택: 기하, 미적분Ⅱ, 경제 수학, 인공지능 수학, 직무 수학, 역학과 에너지, 전자기와 양자, 물질과 에너지, 화학 반응의 세계, 세포와 물질대사, 생물의 유전, 생활과학 탐구",영남대 / 재료 / 신소재공학부 / match=medium
D07,신소재공학과,화학,과학,1.0,13,1,"대수, 미적분Ⅰ, 확률과 통계, 화학, 생명과학, 세포와 물질대사, 생물과 유전, 물질과 에너지, 화학 반응의 세계",경희대 / 생명과학·환경/생활과학/농림 / 융합바이오·신소재공학과 / match=high
D07,신소재공학과,화학 반응의 세계,과학,1.0,5,1,"대수, 미적분Ⅰ, 확률과 통계, 화학, 생명과학, 세포와 물질대사, 생물과 유전, 물질과 에너지, 화학 반응의 세계",경희대 / 생명과학·환경/생활과학/농림 / 융합바이오·신소재공학과 / match=high
D07,신소재공학과,인공지능,기타,1.0,1,1,"-일반선택: 대수, 미적분Ⅰ, 확률과 통계, 물리학, 화학, 생명과학, 지구과학, 정보 -진로선택: 기하, 미적분Ⅱ, 경제 수학, 인공지능 수학, 직무 수학, 역학과 에너지, 전자기와 양자, 물질과 에너지, 화학 반응의 세계, 세포와 물질대사, 생물의 유전, 생활과학 탐구",영남대 / 재료 / 신소재공학부 / match=medium
D07,신소재공학과,정보,기타,1.0,1,1,"-일반선택: 대수, 미적분Ⅰ, 확률과 통계, 물리학, 화학, 생명과학, 지구과학, 정보 -진로선택: 기하, 미적분Ⅱ, 경제 수학, 인공지능 수학, 직무 수학, 역학과 에너지, 전자기와 양자, 물질과 에너지, 화학 반응의 세계, 세포와 물질대사, 생물의 유전, 생활과학 탐구",영남대 / 재료 / 신소재공학부 / match=medium
D07,신소재공학과,경제,사회,1.0,1,1,"-일반선택: 대수, 미적분Ⅰ, 확률과 통계, 물리학, 화학, 생명과학, 지구과학, 정보 -진로선택: 기하, 미적분Ⅱ, 경제 수학, 인공지능 수학, 직무 수학, 역학과 에너지, 전자기와 양자, 물질과 에너지, 화학 반응의 세계, 세포와 물질대사, 생물의 유전, 생활과학 탐구",영남대 / 재료 / 신소재공학부 / match=medium
D07,신소재공학과,기하,수학,1.0,5,1,"대수, 미적분Ⅰ, 확률과 통계, 미적분Ⅱ, 기하, 물리학, 화학, 물질과 에너지, 역학과 에너지",경희대 / 재료/화공·고분자·에너지 / 신소재공학과 / match=high
D07,신소재공학과,대수,수학,1.0,4,1,"대수, 미적분Ⅰ, 확률과 통계, 화학, 생명과학, 세포와 물질대사, 생물과 유전, 물질과 에너지, 화학 반응의 세계",경희대 / 생명과학·환경/생활과학/농림 / 융합바이오·신소재공학과 / match=high
D07,신소재공학과,미적분,수학,1.0,10,1,"대수, 미적분Ⅰ, 확률과 통계, 화학, 생명과학, 세포와 물질대사, 생물과 유전, 물질과 에너지, 화학 반응의 세계",경희대 / 생명과학·환경/생활과학/농림 / 융합바이오·신소재공학과 / match=high
D07,신소재공학과,미적분Ⅰ,수학,1.0,6,1,"대수, 미적분Ⅰ, 확률과 통계, 화학, 생명과학, 세포와 물질대사, 생물과 유전, 물질과 에너지, 화학 반응의 세계",경희대 / 생명과학·환경/생활과학/농림 / 융합바이오·신소재공학과 / match=high
D07,신소재공학과,미적분Ⅱ,수학,1.0,6,1,미적분Ⅱ,경희대 / 생명과학·환경/생활과학/농림 / 융합바이오·신소재공학과 / match=high
D07,신소재공학과,수학,수학,1.0,7,1,"수학, 과학",국립한밭대 / 공과대학 / 신소재공학과 / match=high
D07,신소재공학과,확률과 통계,수학,1.0,5,1,"대수, 미적분Ⅰ, 확률과 통계, 화학, 생명과학, 세포와 물질대사, 생물과 유전, 물질과 에너지, 화학 반응의 세계",경희대 / 생명과학·환경/생활과학/농림 / 융합바이오·신소재공학과 / match=high
D08,조선해양공학과,과학,과학,1.0,3,1,"영어, 수학, 과학",동아대 / 공과대학 / 조선해양공학과 / match=high
D08,조선해양공학과,물리학,과학,1.0,4,1,"기하, 미적분Ⅱ, 물리학, 화학",부산대 / 공과대학 / 조선·해양공학과 / match=high
D08,조선해양공학과,지구과학,과학,0.5,1,1,"화학, 지구과학",인하대 / 공과대학 / 조선해양공학과 / match=high
D08,조선해양공학과,화학,과학,1.0,2,1,"기하, 미적분Ⅱ, 물리학, 화학",부산대 / 공과대학 / 조선·해양공학과 / match=high
D08,조선해양공학과,기하,수학,1.0,2,1,"기하, 미적분Ⅱ, 물리학, 화학",부산대 / 공과대학 / 조선·해양공학과 / match=high
D08,조선해양공학과,미적분,수학,1.0,2,1,"기하, 미적분Ⅱ, 물리학, 화학",부산대 / 공과대학 / 조선·해양공학과 / match=high
D08,조선해양공학과,미적분Ⅱ,수학,1.0,2,1,"기하, 미적분Ⅱ, 물리학, 화학",부산대 / 공과대학 / 조선·해양공학과 / match=high
D08,조선해양공학과,수학,수학,1.0,1,1,"영어, 수학, 과학",동아대 / 공과대학 / 조선해양공학과 / match=high
D08,조선해양공학과,영어,영어,1.0,2,1,"영어, 수학, 과학",동아대 / 공과대학 / 조선해양공학과 / match=high
D09,의예과,과학,과학,1.0,17,1,"화학, 생명과학, 수학",가톨릭대 / 의예과 / match=medium
D09,의예과,물리학,과학,1.0,9,2,경북대,대표모집단위=의예 / match=medium
D09,의예과,물질과 에너지,과학,1.0,4,1,"대수, 미적분Ⅰ, 확률과 통계, 미적분Ⅱ, 화학, 생명과학, [물질과 에너지, 화학 반응의 세계, 세포와 물질대사, 생물의 유전 중 3과목]",경희대 / 의학 / 의예과 / match=medium
D09,의예과,생명과학,과학,1.0,24,2,가톨릭대,대표모집단위=의예 / match=medium
D09,의예과,생물의 유전,과학,1.0,4,1,"대수, 미적분Ⅰ, 확률과 통계, 미적분Ⅱ, 화학, 생명과학, [물질과 에너지, 화학 반응의 세계, 세포와 물질대사, 생물의 유전 중 3과목]",경희대 / 의학 / 의예과 / match=medium
D09,의예과,세포와 물질대사,과학,1.0,4,1,"대수, 미적분Ⅰ, 확률과 통계, 미적분Ⅱ, 화학, 생명과학, [물질과 에너지, 화학 반응의 세계, 세포와 물질대사, 생물의 유전 중 3과목]",경희대 / 의학 / 의예과 / match=medium
D09,의예과,화학,과학,1.0,19,2,가톨릭대,대표모집단위=의예 / match=medium
D09,의예과,화학 반응의 세계,과학,1.0,4,1,"대수, 미적분Ⅰ, 확률과 통계, 미적분Ⅱ, 화학, 생명과학, [물질과 에너지, 화학 반응의 세계, 세포와 물질대사, 생물의 유전 중 3과목]",경희대 / 의학 / 의예과 / match=medium
D09,의예과,국어,국어,1.0,4,2,강원대(춘천),대표모집단위=의예 / match=medium
D09,의예과,문학,국어,1.0,1,1,"-일반선택: 대수, 미적분Ⅰ, 확률과 통계, 영어Ⅰ, 영어Ⅱ, 영어 독해와 작문, 물리학, 화학, 생명과학, 현대사회와 윤리 -진로선택: 기하, 미적분Ⅱ, 심화 영어, 영어 발표와 토론, 심화 영어 독해와 작문, 물질과 에너지, 화학 반응의 세계, 세포와 물질대사, 생물의 유전, 윤리와 사상, 인문학과 윤리",영남대 / 의약학 / 의예과 / match=medium
D09,의예과,사회,사회,1.0,1,1,"-일반선택: 대수, 미적분Ⅰ, 확률과 통계, 영어Ⅰ, 영어Ⅱ, 영어 독해와 작문, 물리학, 화학, 생명과학, 현대사회와 윤리 -진로선택: 기하, 미적분Ⅱ, 심화 영어, 영어 발표와 토론, 심화 영어 독해와 작문, 물질과 에너지, 화학 반응의 세계, 세포와 물질대사, 생물의 유전, 윤리와 사상, 인문학과 윤리",영남대 / 의약학 / 의예과 / match=medium
D09,의예과,윤리,사회,1.0,1,1,"-일반선택: 대수, 미적분Ⅰ, 확률과 통계, 영어Ⅰ, 영어Ⅱ, 영어 독해와 작문, 물리학, 화학, 생명과학, 현대사회와 윤리 -진로선택: 기하, 미적분Ⅱ, 심화 영어, 영어 발표와 토론, 심화 영어 독해와 작문, 물질과 에너지, 화학 반응의 세계, 세포와 물질대사, 생물의 유전, 윤리와 사상, 인문학과 윤리",영남대 / 의약학 / 의예과 / match=medium
D09,의예과,기하,수학,1.0,6,2,서울대,대표모집단위=의예 / match=medium
D09,의예과,대수,수학,1.0,16,2,가톨릭대,대표모집단위=의예 / match=medium
D09,의예과,미적분,수학,1.0,7,1,"확률과 통계, 미적분, 생명과학, 화학","강원대
(춘천) / 의과대학 / 의예과 / match=medium"
D09,의예과,미적분Ⅰ,수학,1.0,7,2,강원대(춘천),대표모집단위=의예 / match=medium
D09,의예과,미적분Ⅱ,수학,1.0,12,2,강원대(춘천),대표모집단위=의예 / match=medium
D09,의예과,수학,수학,1.0,7,1,"화학, 생명과학, 수학",가톨릭대 / 의예과 / match=medium
D09,의예과,확률과 통계,수학,1.0,8,2,강원대(춘천),대표모집단위=의예 / match=medium
D09,의예과,영어,영어,1.0,11,2,강원대(춘천),대표모집단위=의예 / match=medium
D10,수학과,과학,과학,1.0,9,1,"국어, 영어, 수학, 과학, 한국사",경기대 / 수학과 / match=medium
D10,수학과,물리학,과학,1.0,10,2,단국대*,대표모집단위=수학교육 / match=medium
D10,수학과,물질과 에너지,과학,1.0,3,1,"기하, 미적분Ⅱ, 역학과 에너지, 전자기와 양자, 물질과 에너지, 화학 반응의 세계, 세포와 물질대사, 생물의 유전",광운대 / 자연과학대학 (스포츠융합과학과 제외) / 수학과 / match=medium
D10,수학과,생명과학,과학,1.0,2,2,강원대(춘천),대표모집단위=수학교육 / match=medium
D10,수학과,생물의 유전,과학,0.5,1,1,"기하, 미적분Ⅱ, 역학과 에너지, 전자기와 양자, 물질과 에너지, 화학 반응의 세계, 세포와 물질대사, 생물의 유전",광운대 / 자연과학대학 (스포츠융합과학과 제외) / 수학과 / match=medium
D10,수학과,세포와 물질대사,과학,0.5,1,1,"기하, 미적분Ⅱ, 역학과 에너지, 전자기와 양자, 물질과 에너지, 화학 반응의 세계, 세포와 물질대사, 생물의 유전",광운대 / 자연과학대학 (스포츠융합과학과 제외) / 수학과 / match=medium
D10,수학과,역학과 에너지,과학,1.0,3,1,"기하, 미적분Ⅱ, 역학과 에너지, 전자기와 양자, 물질과 에너지, 화학 반응의 세계, 세포와 물질대사, 생물의 유전",광운대 / 자연과학대학 (스포츠융합과학과 제외) / 수학과 / match=medium
D10,수학과,전자기와 양자,과학,1.0,3,1,"기하, 미적분Ⅱ, 역학과 에너지, 전자기와 양자, 물질과 에너지, 화학 반응의 세계, 세포와 물질대사, 생물의 유전",광운대 / 자연과학대학 (스포츠융합과학과 제외) / 수학과 / match=medium
D10,수학과,화학,과학,1.0,4,1,"대수, 미적분Ⅰ, 확률과 통계, 물리학, 화학, 생명과학",광운대 / 자연과학대학 (스포츠융합과학과 제외) / 수학과 / match=medium
D10,수학과,화학 반응의 세계,과학,1.0,3,1,"기하, 미적분Ⅱ, 역학과 에너지, 전자기와 양자, 물질과 에너지, 화학 반응의 세계, 세포와 물질대사, 생물의 유전",광운대 / 자연과학대학 (스포츠융합과학과 제외) / 수학과 / match=medium
D10,수학과,국어,국어,1.0,5,2,단국대*,대표모집단위=수학교육 / match=medium
D10,수학과,인공지능,기타,1.0,3,1,"미적분Ⅱ, 기하, 인공지능 수학",경북대 / 자연과학대학 / 수학과 / match=medium
D10,수학과,정보,기타,1.0,2,1,"-일반선택: 대수, 미적분Ⅰ, 확률과 통계, 영어Ⅰ, 영어Ⅱ, 물리학, 화학, 정보 -진로선택: 기하, 미적분Ⅱ, 경제 수학, 인공지능 수학, 직무 수학, 심화 영어, 직무 영어, 역학과 에너지, 전자기와 양자, 물질과 에너지, 화학 반응의 세계, 인공지능 기초, 데이터 과학",영남대 / 수학·물리·천문·지구 / 물리학과 / match=medium
D10,수학과,경제,사회,1.0,2,1,"-일반선택: 대수, 미적분Ⅰ, 확률과 통계, 영어Ⅰ, 영어Ⅱ, 물리학, 화학, 정보 -진로선택: 기하, 미적분Ⅱ, 경제 수학, 인공지능 수학, 직무 수학, 심화 영어, 직무 영어, 역학과 에너지, 전자기와 양자, 물질과 에너지, 화학 반응의 세계, 인공지능 기초, 데이터 과학",영남대 / 수학·물리·천문·지구 / 물리학과 / match=medium
D10,수학과,사회,사회,1.0,1,1,"국어, 영어, 수학, 사회, 과학(3과목), 한국사",경기대 / 자연/공학(수학과 제외) / match=medium
D10,수학과,기하,수학,1.0,16,2,강원대(춘천),대표모집단위=수학교육 / match=medium
D10,수학과,대수,수학,1.0,19,2,경북대*,대표모집단위=수학교육 / match=medium
D10,수학과,미적분,수학,1.0,17,1,"영어 독해와 작문, 확률과 통계, 미적분","강원대
(춘천) / 자연과학대학 / 수학과 / match=medium"
D10,수학과,미적분Ⅰ,수학,1.0,11,2,강원대(춘천),대표모집단위=수학교육 / match=medium
D10,수학과,미적분Ⅱ,수학,1.0,17,2,강원대(춘천),대표모집단위=수학교육 / match=medium
D10,수학과,수학,수학,1.0,10,1,수학,가톨릭대 / 수학과 / match=medium
D10,수학과,확률과 통계,수학,1.0,13,2,강원대(춘천),대표모집단위=수학교육 / match=medium
D10,수학과,영어,영어,1.0,8,2,강원대(춘천),대표모집단위=수학교육 / match=medium
D11,경영학과,과학,과학,1.0,17,1,"화법과 언어, 독서와 작문, 영어 독해와 작문, 생명과학","강원대
(춘천) / 산림환경과학대학 / 산림경영학과 / match=high"
D11,경영학과,물리학,과학,1.0,3,2,아주대⁎,대표모집단위=경영 / match=medium
D11,경영학과,생명과학,과학,1.0,8,2,한양대,대표모집단위=경영 / match=medium
D11,경영학과,역학과 에너지,과학,1.0,1,1,"대수, 미적분Ⅰ, 확률과 통계, 물리학, 미적분Ⅱ, 기하, 역학과 에너지, 전자기와 양자",서울과기대 / 기술경영융합대학 / MSDE학과 / match=medium
D11,경영학과,전자기와 양자,과학,1.0,1,1,"대수, 미적분Ⅰ, 확률과 통계, 물리학, 미적분Ⅱ, 기하, 역학과 에너지, 전자기와 양자",서울과기대 / 기술경영융합대학 / MSDE학과 / match=medium
D11,경영학과,화학,과학,0.5,1,1,한양대,대표모집단위=경영 / match=medium
D11,경영학과,국어,국어,1.0,41,2,강원대,대표모집단위=경영 / match=medium
D11,경영학과,독서와 작문,국어,1.0,12,1,"화법과 언어, 독서와 작문, 영어Ⅰ, 영어Ⅱ, 영어독해와 작문, 미적분Ⅰ, 확률과 통계","강원대
(춘천) / 경영대학 / 경영·회계학부 / match=medium"
D11,경영학과,문학,국어,1.0,9,1,"화법과 언어, 독서와 작문, 문학, 대수, 미적분Ⅰ, 확률과 통계, 영어Ⅰ, 영어Ⅱ, 영어 독해와 작문, 세계시민과 지리, 사회와 문화, 현대사회와 윤리, 제2외국어 과목",광운대 / 경영대학 / 경영학부 경영학전공 / match=high
D11,경영학과,화법과 언어,국어,1.0,12,1,"화법과 언어, 독서와 작문, 영어Ⅰ, 영어Ⅱ, 영어독해와 작문, 미적분Ⅰ, 확률과 통계","강원대
(춘천) / 경영대학 / 경영·회계학부 / match=medium"
D11,경영학과,인공지능,기타,1.0,9,1,"기하, 경제 수학, 인공지능 수학, 영어 발표와 토론, 법과 사회, 경제, 윤리와 사상, 국제 관계의 이해",광운대 / 경영대학 / 경영학부 경영학전공 / match=high
D11,경영학과,정보,기타,1.0,6,1,"-일반선택: 화법과 언어, 독서와 작문, 대수, 미적분Ⅰ, 확률과 통계, 영어Ⅰ, 영어Ⅱ, 영어 독해와 작문, 세계시민과 지리, 세계사, 사회와 문화, 현대사회와 윤리, 생명과학, 정보, 중국어, 진로와 직업 -진로선택: 주제 탐구 독서, 직무 의사소통, 경제 수학, 영어 발표와 토론, 심화 영어, 직무 영어, 정치, 법과 사회, 경제, 윤리와 사상, 인문학과 윤리, 국제 관계의 이해, 인공지능 기초, 데이터 과학, 중국어 회화, 논리와 사고, 인간과 심리",영남대 / 경영·경제 / 경영학과 / match=high
D11,경영학과,경제,사회,1.0,12,1,"미적분Ⅰ, 확률과 통계, 사회와 문화, 경제","강원대
(춘천) / 경영대학 / 경제·정보통계학부 / match=medium"
D11,경영학과,사회,사회,1.0,49,1,인문사회계열 진로 및 적성을 고려하여 교과목 선택 이수[수학(확률과 통계) 포함],가톨릭대 / 경영학과 / match=high
D11,경영학과,역사,사회,1.0,8,1,"영어, 사회(역사/도덕 포함)",국립한밭대 / 경상대학 / 융합경영학과 / match=high
D11,경영학과,윤리,사회,1.0,13,2,광운대,대표모집단위=경영 / match=medium
D11,경영학과,일반사회,사회,0.5,12,2,광운대,대표모집단위=경영 / match=medium
D11,경영학과,지리,사회,1.0,11,2,광운대,대표모집단위=경영 / match=medium
D11,경영학과,기하,수학,1.0,5,2,한양대,대표모집단위=경영 / match=medium
D11,경영학과,대수,수학,1.0,32,2,광운대,대표모집단위=경영 / match=medium
D11,경영학과,미적분,수학,1.0,26,1,"화법과 언어, 독서와 작문, 영어Ⅰ, 영어Ⅱ, 영어독해와 작문, 미적분Ⅰ, 확률과 통계","강원대
(춘천) / 경영대학 / 경영·회계학부 / match=medium"
D11,경영학과,미적분Ⅰ,수학,1.0,34,2,강원대,대표모집단위=경영 / match=medium
D11,경영학과,미적분Ⅱ,수학,1.0,9,2,동국대,대표모집단위=경영 / match=medium
D11,경영학과,수학,수학,1.0,37,1,인문사회계열 진로 및 적성을 고려하여 교과목 선택 이수[수학(확률과 통계) 포함],가톨릭대 / 경영학과 / match=high
D11,경영학과,확률과 통계,수학,1.0,40,2,강원대,대표모집단위=경영 / match=medium
D11,경영학과,영어,영어,1.0,57,2,강원대,대표모집단위=경영 / match=medium
D12,약학과,과학,과학,1.0,31,1,"화학, 생명과학, 수학",가톨릭대 / 약학과 / match=medium
D12,약학과,물리학,과학,1.0,12,2,경북대,대표모집단위=약학 / match=medium
D12,약학과,물질과 에너지,과학,1.0,11,1,"미적분Ⅱ, 화학 반응의 세계, 물질과 에너지, 세포와 물질대사, 생물의 유전",경북대 / 약학대학 / 전 모집단위 / match=high
D12,약학과,생명과학,과학,1.0,34,2,가톨릭대,대표모집단위=약학 / match=medium
D12,약학과,생물의 유전,과학,1.0,11,1,"미적분Ⅱ, 화학 반응의 세계, 물질과 에너지, 세포와 물질대사, 생물의 유전",경북대 / 약학대학 / 전 모집단위 / match=high
D12,약학과,세포와 물질대사,과학,1.0,11,1,"미적분Ⅱ, 화학 반응의 세계, 물질과 에너지, 세포와 물질대사, 생물의 유전",경북대 / 약학대학 / 전 모집단위 / match=high
D12,약학과,화학,과학,1.0,35,2,가톨릭대,대표모집단위=약학 / match=medium
D12,약학과,화학 반응의 세계,과학,1.0,11,1,"미적분Ⅱ, 화학 반응의 세계, 물질과 에너지, 세포와 물질대사, 생물의 유전",경북대 / 약학대학 / 전 모집단위 / match=high
D12,약학과,국어,국어,1.0,1,1,"국어, 수학, 영어, 과학","단국대
(천안) / 자연계열 / 약학대학 / match=high"
D12,약학과,문학,국어,1.0,1,1,"-일반선택: 대수, 미적분Ⅰ, 확률과 통계, 영어Ⅰ, 영어Ⅱ, 영어 독해와 작문, 물리학, 화학, 생명과학, 현대사회와 윤리 -진로선택: 기하, 미적분Ⅱ, 심화 영어, 영어 발표와 토론, 심화 영어 독해와 작문, 물질과 에너지, 화학 반응의 세계, 세포와 물질대사, 생물의 유전, 윤리와 사상, 인문학과 윤리",영남대 / 의약학 / 약학부 / match=medium
D12,약학과,사회,사회,1.0,1,1,"-일반선택: 대수, 미적분Ⅰ, 확률과 통계, 영어Ⅰ, 영어Ⅱ, 영어 독해와 작문, 물리학, 화학, 생명과학, 현대사회와 윤리 -진로선택: 기하, 미적분Ⅱ, 심화 영어, 영어 발표와 토론, 심화 영어 독해와 작문, 물질과 에너지, 화학 반응의 세계, 세포와 물질대사, 생물의 유전, 윤리와 사상, 인문학과 윤리",영남대 / 의약학 / 약학부 / match=medium
D12,약학과,윤리,사회,1.0,1,1,"-일반선택: 대수, 미적분Ⅰ, 확률과 통계, 영어Ⅰ, 영어Ⅱ, 영어 독해와 작문, 물리학, 화학, 생명과학, 현대사회와 윤리 -진로선택: 기하, 미적분Ⅱ, 심화 영어, 영어 발표와 토론, 심화 영어 독해와 작문, 물질과 에너지, 화학 반응의 세계, 세포와 물질대사, 생물의 유전, 윤리와 사상, 인문학과 윤리",영남대 / 의약학 / 약학부 / match=medium
D12,약학과,기하,수학,1.0,11,2,경성대,대표모집단위=약학 / match=medium
D12,약학과,대수,수학,1.0,19,2,가톨릭대,대표모집단위=약학 / match=medium
D12,약학과,미적분,수학,1.0,18,1,"확률과 통계, 미적분, 생명과학, 화학","강원대
(춘천) / 약학대학 / 약학과 / match=medium"
D12,약학과,미적분Ⅰ,수학,1.0,16,2,강원대(춘천),대표모집단위=약학 / match=medium
D12,약학과,미적분Ⅱ,수학,1.0,19,2,강원대(춘천),대표모집단위=약학 / match=medium
D12,약학과,수학,수학,1.0,12,1,"화학, 생명과학, 수학",가톨릭대 / 약학과 / match=medium
D12,약학과,확률과 통계,수학,1.0,17,2,강원대(춘천),대표모집단위=약학 / match=medium
D12,약학과,영어,영어,1.0,4,2,영남대,대표모집단위=약학 / match=medium
D13,사회학과,과학,과학,1.0,1,1,"-일반선택: 화법과 언어, 독서와 작문, 문학, 대수, 확률과 통계, 미적분Ⅰ, 영어Ⅰ, 영어Ⅱ, 영어 독해와 작문, 세계시민과 지리, 세계사, 사회와 문화, 현대사회와 윤리, 생명과학, 체육1, 체육2, 기술가정, 정보, 한문, 진로와 직업, 생태환경 -진로선택: 주제탐구 독서, 문학과 영상, 직무 의사소통, 경제 수학, 인공지능 수학, 영어 발표와 토론, 심화 영어, 심화 영어 독해와 작문, 직무 영어, 한국지리 탐구, 도시의 미래 탐구, 동아시아 역사 기행, 정치, 법과 사회, 경제, 윤리와 사상, 인문학과 윤리, 국제 관계의 이해, 세포와 물질대사, 생물의 유전, 운동과 건강, 생활과학 탐구, 인공지능 기초, 데이터 과학, 인간과 철학, 논리와 사고, 인간과 심리, 교육의 이해, 보건",영남대 / 사회과학 / 사회학과 / match=high
D13,사회학과,생명과학,과학,1.0,1,1,"-일반선택: 화법과 언어, 독서와 작문, 문학, 대수, 확률과 통계, 미적분Ⅰ, 영어Ⅰ, 영어Ⅱ, 영어 독해와 작문, 세계시민과 지리, 세계사, 사회와 문화, 현대사회와 윤리, 생명과학, 체육1, 체육2, 기술가정, 정보, 한문, 진로와 직업, 생태환경 -진로선택: 주제탐구 독서, 문학과 영상, 직무 의사소통, 경제 수학, 인공지능 수학, 영어 발표와 토론, 심화 영어, 심화 영어 독해와 작문, 직무 영어, 한국지리 탐구, 도시의 미래 탐구, 동아시아 역사 기행, 정치, 법과 사회, 경제, 윤리와 사상, 인문학과 윤리, 국제 관계의 이해, 세포와 물질대사, 생물의 유전, 운동과 건강, 생활과학 탐구, 인공지능 기초, 데이터 과학, 인간과 철학, 논리와 사고, 인간과 심리, 교육의 이해, 보건",영남대 / 사회과학 / 사회학과 / match=high
D13,사회학과,생물의 유전,과학,1.0,1,1,"-일반선택: 화법과 언어, 독서와 작문, 문학, 대수, 확률과 통계, 미적분Ⅰ, 영어Ⅰ, 영어Ⅱ, 영어 독해와 작문, 세계시민과 지리, 세계사, 사회와 문화, 현대사회와 윤리, 생명과학, 체육1, 체육2, 기술가정, 정보, 한문, 진로와 직업, 생태환경 -진로선택: 주제탐구 독서, 문학과 영상, 직무 의사소통, 경제 수학, 인공지능 수학, 영어 발표와 토론, 심화 영어, 심화 영어 독해와 작문, 직무 영어, 한국지리 탐구, 도시의 미래 탐구, 동아시아 역사 기행, 정치, 법과 사회, 경제, 윤리와 사상, 인문학과 윤리, 국제 관계의 이해, 세포와 물질대사, 생물의 유전, 운동과 건강, 생활과학 탐구, 인공지능 기초, 데이터 과학, 인간과 철학, 논리와 사고, 인간과 심리, 교육의 이해, 보건",영남대 / 사회과학 / 사회학과 / match=high
D13,사회학과,세포와 물질대사,과학,1.0,1,1,"-일반선택: 화법과 언어, 독서와 작문, 문학, 대수, 확률과 통계, 미적분Ⅰ, 영어Ⅰ, 영어Ⅱ, 영어 독해와 작문, 세계시민과 지리, 세계사, 사회와 문화, 현대사회와 윤리, 생명과학, 체육1, 체육2, 기술가정, 정보, 한문, 진로와 직업, 생태환경 -진로선택: 주제탐구 독서, 문학과 영상, 직무 의사소통, 경제 수학, 인공지능 수학, 영어 발표와 토론, 심화 영어, 심화 영어 독해와 작문, 직무 영어, 한국지리 탐구, 도시의 미래 탐구, 동아시아 역사 기행, 정치, 법과 사회, 경제, 윤리와 사상, 인문학과 윤리, 국제 관계의 이해, 세포와 물질대사, 생물의 유전, 운동과 건강, 생활과학 탐구, 인공지능 기초, 데이터 과학, 인간과 철학, 논리와 사고, 인간과 심리, 교육의 이해, 보건",영남대 / 사회과학 / 사회학과 / match=high
D13,사회학과,국어,국어,1.0,6,1,"국어, 수학, 사회","강원대
(춘천) / 사회과학대학 / 사회학과 / match=high"
D13,사회학과,독서와 작문,국어,1.0,2,1,"화법과 언어, 독서와 작문, 확률과 통계, 사회와 문화, 정치, 법과 사회, 도시의 미래 탐구","강원대
(춘천) / 사회과학대학 / 사회학과 / match=high"
D13,사회학과,문학,국어,1.0,1,1,"-일반선택: 화법과 언어, 독서와 작문, 문학, 대수, 확률과 통계, 미적분Ⅰ, 영어Ⅰ, 영어Ⅱ, 영어 독해와 작문, 세계시민과 지리, 세계사, 사회와 문화, 현대사회와 윤리, 생명과학, 체육1, 체육2, 기술가정, 정보, 한문, 진로와 직업, 생태환경 -진로선택: 주제탐구 독서, 문학과 영상, 직무 의사소통, 경제 수학, 인공지능 수학, 영어 발표와 토론, 심화 영어, 심화 영어 독해와 작문, 직무 영어, 한국지리 탐구, 도시의 미래 탐구, 동아시아 역사 기행, 정치, 법과 사회, 경제, 윤리와 사상, 인문학과 윤리, 국제 관계의 이해, 세포와 물질대사, 생물의 유전, 운동과 건강, 생활과학 탐구, 인공지능 기초, 데이터 과학, 인간과 철학, 논리와 사고, 인간과 심리, 교육의 이해, 보건",영남대 / 사회과학 / 사회학과 / match=high
D13,사회학과,화법과 언어,국어,1.0,2,1,"화법과 언어, 독서와 작문, 확률과 통계, 사회와 문화, 정치, 법과 사회, 도시의 미래 탐구","강원대
(춘천) / 사회과학대학 / 사회학과 / match=high"
D13,사회학과,인공지능,기타,1.0,1,1,"-일반선택: 화법과 언어, 독서와 작문, 문학, 대수, 확률과 통계, 미적분Ⅰ, 영어Ⅰ, 영어Ⅱ, 영어 독해와 작문, 세계시민과 지리, 세계사, 사회와 문화, 현대사회와 윤리, 생명과학, 체육1, 체육2, 기술가정, 정보, 한문, 진로와 직업, 생태환경 -진로선택: 주제탐구 독서, 문학과 영상, 직무 의사소통, 경제 수학, 인공지능 수학, 영어 발표와 토론, 심화 영어, 심화 영어 독해와 작문, 직무 영어, 한국지리 탐구, 도시의 미래 탐구, 동아시아 역사 기행, 정치, 법과 사회, 경제, 윤리와 사상, 인문학과 윤리, 국제 관계의 이해, 세포와 물질대사, 생물의 유전, 운동과 건강, 생활과학 탐구, 인공지능 기초, 데이터 과학, 인간과 철학, 논리와 사고, 인간과 심리, 교육의 이해, 보건",영남대 / 사회과학 / 사회학과 / match=high
D13,사회학과,정보,기타,1.0,1,1,"-일반선택: 화법과 언어, 독서와 작문, 문학, 대수, 확률과 통계, 미적분Ⅰ, 영어Ⅰ, 영어Ⅱ, 영어 독해와 작문, 세계시민과 지리, 세계사, 사회와 문화, 현대사회와 윤리, 생명과학, 체육1, 체육2, 기술가정, 정보, 한문, 진로와 직업, 생태환경 -진로선택: 주제탐구 독서, 문학과 영상, 직무 의사소통, 경제 수학, 인공지능 수학, 영어 발표와 토론, 심화 영어, 심화 영어 독해와 작문, 직무 영어, 한국지리 탐구, 도시의 미래 탐구, 동아시아 역사 기행, 정치, 법과 사회, 경제, 윤리와 사상, 인문학과 윤리, 국제 관계의 이해, 세포와 물질대사, 생물의 유전, 운동과 건강, 생활과학 탐구, 인공지능 기초, 데이터 과학, 인간과 철학, 논리와 사고, 인간과 심리, 교육의 이해, 보건",영남대 / 사회과학 / 사회학과 / match=high
D13,사회학과,체육,기타,1.0,1,1,"-일반선택: 화법과 언어, 독서와 작문, 문학, 대수, 확률과 통계, 미적분Ⅰ, 영어Ⅰ, 영어Ⅱ, 영어 독해와 작문, 세계시민과 지리, 세계사, 사회와 문화, 현대사회와 윤리, 생명과학, 체육1, 체육2, 기술가정, 정보, 한문, 진로와 직업, 생태환경 -진로선택: 주제탐구 독서, 문학과 영상, 직무 의사소통, 경제 수학, 인공지능 수학, 영어 발표와 토론, 심화 영어, 심화 영어 독해와 작문, 직무 영어, 한국지리 탐구, 도시의 미래 탐구, 동아시아 역사 기행, 정치, 법과 사회, 경제, 윤리와 사상, 인문학과 윤리, 국제 관계의 이해, 세포와 물질대사, 생물의 유전, 운동과 건강, 생활과학 탐구, 인공지능 기초, 데이터 과학, 인간과 철학, 논리와 사고, 인간과 심리, 교육의 이해, 보건",영남대 / 사회과학 / 사회학과 / match=high
D13,사회학과,경제,사회,1.0,1,1,"-일반선택: 화법과 언어, 독서와 작문, 문학, 대수, 확률과 통계, 미적분Ⅰ, 영어Ⅰ, 영어Ⅱ, 영어 독해와 작문, 세계시민과 지리, 세계사, 사회와 문화, 현대사회와 윤리, 생명과학, 체육1, 체육2, 기술가정, 정보, 한문, 진로와 직업, 생태환경 -진로선택: 주제탐구 독서, 문학과 영상, 직무 의사소통, 경제 수학, 인공지능 수학, 영어 발표와 토론, 심화 영어, 심화 영어 독해와 작문, 직무 영어, 한국지리 탐구, 도시의 미래 탐구, 동아시아 역사 기행, 정치, 법과 사회, 경제, 윤리와 사상, 인문학과 윤리, 국제 관계의 이해, 세포와 물질대사, 생물의 유전, 운동과 건강, 생활과학 탐구, 인공지능 기초, 데이터 과학, 인간과 철학, 논리와 사고, 인간과 심리, 교육의 이해, 보건",영남대 / 사회과학 / 사회학과 / match=high
D13,사회학과,사회,사회,1.0,10,1,인문사회계열 진로 및 적성을 고려하여 교과목 선택 이수[수학(확률과 통계) 포함],가톨릭대 / 사회학과 / match=high
D13,사회학과,역사,사회,1.0,2,1,"-일반선택: 화법과 언어, 독서와 작문, 문학, 대수, 확률과 통계, 미적분Ⅰ, 영어Ⅰ, 영어Ⅱ, 영어 독해와 작문, 세계시민과 지리, 세계사, 사회와 문화, 현대사회와 윤리, 생명과학, 체육1, 체육2, 기술가정, 정보, 한문, 진로와 직업, 생태환경 -진로선택: 주제탐구 독서, 문학과 영상, 직무 의사소통, 경제 수학, 인공지능 수학, 영어 발표와 토론, 심화 영어, 심화 영어 독해와 작문, 직무 영어, 한국지리 탐구, 도시의 미래 탐구, 동아시아 역사 기행, 정치, 법과 사회, 경제, 윤리와 사상, 인문학과 윤리, 국제 관계의 이해, 세포와 물질대사, 생물의 유전, 운동과 건강, 생활과학 탐구, 인공지능 기초, 데이터 과학, 인간과 철학, 논리와 사고, 인간과 심리, 교육의 이해, 보건",영남대 / 사회과학 / 사회학과 / match=high
D13,사회학과,윤리,사회,1.0,1,1,"-일반선택: 화법과 언어, 독서와 작문, 문학, 대수, 확률과 통계, 미적분Ⅰ, 영어Ⅰ, 영어Ⅱ, 영어 독해와 작문, 세계시민과 지리, 세계사, 사회와 문화, 현대사회와 윤리, 생명과학, 체육1, 체육2, 기술가정, 정보, 한문, 진로와 직업, 생태환경 -진로선택: 주제탐구 독서, 문학과 영상, 직무 의사소통, 경제 수학, 인공지능 수학, 영어 발표와 토론, 심화 영어, 심화 영어 독해와 작문, 직무 영어, 한국지리 탐구, 도시의 미래 탐구, 동아시아 역사 기행, 정치, 법과 사회, 경제, 윤리와 사상, 인문학과 윤리, 국제 관계의 이해, 세포와 물질대사, 생물의 유전, 운동과 건강, 생활과학 탐구, 인공지능 기초, 데이터 과학, 인간과 철학, 논리와 사고, 인간과 심리, 교육의 이해, 보건",영남대 / 사회과학 / 사회학과 / match=high
D13,사회학과,지리,사회,1.0,1,1,"-일반선택: 화법과 언어, 독서와 작문, 문학, 대수, 확률과 통계, 미적분Ⅰ, 영어Ⅰ, 영어Ⅱ, 영어 독해와 작문, 세계시민과 지리, 세계사, 사회와 문화, 현대사회와 윤리, 생명과학, 체육1, 체육2, 기술가정, 정보, 한문, 진로와 직업, 생태환경 -진로선택: 주제탐구 독서, 문학과 영상, 직무 의사소통, 경제 수학, 인공지능 수학, 영어 발표와 토론, 심화 영어, 심화 영어 독해와 작문, 직무 영어, 한국지리 탐구, 도시의 미래 탐구, 동아시아 역사 기행, 정치, 법과 사회, 경제, 윤리와 사상, 인문학과 윤리, 국제 관계의 이해, 세포와 물질대사, 생물의 유전, 운동과 건강, 생활과학 탐구, 인공지능 기초, 데이터 과학, 인간과 철학, 논리와 사고, 인간과 심리, 교육의 이해, 보건",영남대 / 사회과학 / 사회학과 / match=high
D13,사회학과,대수,수학,1.0,1,1,"-일반선택: 화법과 언어, 독서와 작문, 문학, 대수, 확률과 통계, 미적분Ⅰ, 영어Ⅰ, 영어Ⅱ, 영어 독해와 작문, 세계시민과 지리, 세계사, 사회와 문화, 현대사회와 윤리, 생명과학, 체육1, 체육2, 기술가정, 정보, 한문, 진로와 직업, 생태환경 -진로선택: 주제탐구 독서, 문학과 영상, 직무 의사소통, 경제 수학, 인공지능 수학, 영어 발표와 토론, 심화 영어, 심화 영어 독해와 작문, 직무 영어, 한국지리 탐구, 도시의 미래 탐구, 동아시아 역사 기행, 정치, 법과 사회, 경제, 윤리와 사상, 인문학과 윤리, 국제 관계의 이해, 세포와 물질대사, 생물의 유전, 운동과 건강, 생활과학 탐구, 인공지능 기초, 데이터 과학, 인간과 철학, 논리와 사고, 인간과 심리, 교육의 이해, 보건",영남대 / 사회과학 / 사회학과 / match=high
D13,사회학과,미적분,수학,1.0,1,1,"-일반선택: 화법과 언어, 독서와 작문, 문학, 대수, 확률과 통계, 미적분Ⅰ, 영어Ⅰ, 영어Ⅱ, 영어 독해와 작문, 세계시민과 지리, 세계사, 사회와 문화, 현대사회와 윤리, 생명과학, 체육1, 체육2, 기술가정, 정보, 한문, 진로와 직업, 생태환경 -진로선택: 주제탐구 독서, 문학과 영상, 직무 의사소통, 경제 수학, 인공지능 수학, 영어 발표와 토론, 심화 영어, 심화 영어 독해와 작문, 직무 영어, 한국지리 탐구, 도시의 미래 탐구, 동아시아 역사 기행, 정치, 법과 사회, 경제, 윤리와 사상, 인문학과 윤리, 국제 관계의 이해, 세포와 물질대사, 생물의 유전, 운동과 건강, 생활과학 탐구, 인공지능 기초, 데이터 과학, 인간과 철학, 논리와 사고, 인간과 심리, 교육의 이해, 보건",영남대 / 사회과학 / 사회학과 / match=high
D13,사회학과,미적분Ⅰ,수학,1.0,1,1,"-일반선택: 화법과 언어, 독서와 작문, 문학, 대수, 확률과 통계, 미적분Ⅰ, 영어Ⅰ, 영어Ⅱ, 영어 독해와 작문, 세계시민과 지리, 세계사, 사회와 문화, 현대사회와 윤리, 생명과학, 체육1, 체육2, 기술가정, 정보, 한문, 진로와 직업, 생태환경 -진로선택: 주제탐구 독서, 문학과 영상, 직무 의사소통, 경제 수학, 인공지능 수학, 영어 발표와 토론, 심화 영어, 심화 영어 독해와 작문, 직무 영어, 한국지리 탐구, 도시의 미래 탐구, 동아시아 역사 기행, 정치, 법과 사회, 경제, 윤리와 사상, 인문학과 윤리, 국제 관계의 이해, 세포와 물질대사, 생물의 유전, 운동과 건강, 생활과학 탐구, 인공지능 기초, 데이터 과학, 인간과 철학, 논리와 사고, 인간과 심리, 교육의 이해, 보건",영남대 / 사회과학 / 사회학과 / match=high
D13,사회학과,수학,수학,1.0,4,1,인문사회계열 진로 및 적성을 고려하여 교과목 선택 이수[수학(확률과 통계) 포함],가톨릭대 / 사회학과 / match=high
D13,사회학과,확률과 통계,수학,1.0,4,1,인문사회계열 진로 및 적성을 고려하여 교과목 선택 이수[수학(확률과 통계) 포함],가톨릭대 / 사회학과 / match=high
D13,사회학과,영어,영어,1.0,5,1,"국어, 영어, 사회",동아대 / 사회과학대학 / 정치·사회학부 정치외교학전공 / match=medium
D14,경제학과,과학,과학,1.0,1,1,"대수, 미적분Ⅰ, 확률과 통계, 과학/사회",아주대 / 사회과학대학 / 경제정치사회융합학부 / match=medium
D14,경제학과,국어,국어,1.0,3,1,제2외국어/한문,서울대 / 사회과학대학 / 경제학부 / match=high
D14,경제학과,경제,사회,1.0,2,1,"확률과 통계, 미적분, 사회와 문화, 경제","강원대
(삼척·도계) / 인문사회대학 / 경제금융학과 / match=medium"
D14,경제학과,사회,사회,1.0,10,1,인문사회계열 진로 및 적성을 고려하여 교과목 선택 이수[수학(확률과 통계) 포함],가톨릭대 / 경제학과 / match=high
D14,경제학과,역사,사회,1.0,1,1,"수학, 사회(역사/도덕 포함)",국립한밭대 / 경상대학 / 경제학과 / match=high
D14,경제학과,대수,수학,1.0,1,1,"대수, 미적분Ⅰ, 확률과 통계, 과학/사회",아주대 / 사회과학대학 / 경제정치사회융합학부 / match=medium
D14,경제학과,미적분,수학,1.0,4,1,"확률과 통계, 미적분, 사회와 문화, 경제","강원대
(삼척·도계) / 인문사회대학 / 경제금융학과 / match=medium"
D14,경제학과,미적분Ⅰ,수학,1.0,3,1,미적분Ⅰ 또는 확률과 통계,국민대 / 경상대학 / 경제학과 / match=high
D14,경제학과,미적분Ⅱ,수학,1.0,1,1,"확률과 통계, 미적분Ⅰ, 미적분Ⅱ",부산대 / 경제통상대학 / 경제학부 / match=high
D14,경제학과,수학,수학,1.0,11,1,인문사회계열 진로 및 적성을 고려하여 교과목 선택 이수[수학(확률과 통계) 포함],가톨릭대 / 경제학과 / match=high
D14,경제학과,확률과 통계,수학,1.0,5,1,인문사회계열 진로 및 적성을 고려하여 교과목 선택 이수[수학(확률과 통계) 포함],가톨릭대 / 경제학과 / match=high
D14,경제학과,영어,영어,1.0,5,1,"영어, 수학, 사회","강원대
(삼척·도계) / 인문사회대학 / 경제금융학과 / match=medium"
D15,생명과학과,과학,과학,1.0,87,1,"화학, 생명과학, 수학",가톨릭대 / 생명공학과 / match=medium
D15,생명과학과,물리학,과학,1.0,20,2,동국대,대표모집단위=생명과학 / match=high
D15,생명과학과,물질과 에너지,과학,1.0,14,1,"미적분Ⅱ, 화학 반응의 세계, 세포와 물질대사, 생물의 유전, 물질과 에너지",경북대 / 농업생명과학대학 / 전 모집단위 (식품자원경제학과 제외) / match=high
D15,생명과학과,생명과학,과학,1.0,66,2,가톨릭대,대표모집단위=생명과학 / match=high
D15,생명과학과,생물의 유전,과학,1.0,13,1,"미적분Ⅱ, 화학 반응의 세계, 세포와 물질대사, 생물의 유전, 물질과 에너지",경북대 / 농업생명과학대학 / 전 모집단위 (식품자원경제학과 제외) / match=high
D15,생명과학과,세포와 물질대사,과학,1.0,18,1,"미적분Ⅱ, 화학 반응의 세계, 세포와 물질대사, 생물의 유전, 물질과 에너지",경북대 / 농업생명과학대학 / 전 모집단위 (식품자원경제학과 제외) / match=high
D15,생명과학과,역학과 에너지,과학,1.0,2,1,"-일반선택: 대수, 미적분Ⅰ, 확률과 통계, 영어Ⅰ, 영어Ⅱ, 영어 독해와 작문, 물리학, 화학, 생명과학, 정보 -진로선택: 기하, 미적분Ⅱ, 인공지능 수학, 영미 문학 읽기, 영어 발표와 토론, 심화 영어, 심화 영어 독해와 작문, 직무 영어, 역학과 에너지, 전자기와 양자, 물질과 에너지, 화학 반응의 세계, 세포와 물질대사, 생물의 유전, 인공지능 기초, 데이터 과학",영남대 / 화학·생명과학·환경 / 의생명공학과 / match=high
D15,생명과학과,전자기와 양자,과학,1.0,2,1,"-일반선택: 대수, 미적분Ⅰ, 확률과 통계, 영어Ⅰ, 영어Ⅱ, 영어 독해와 작문, 물리학, 화학, 생명과학, 정보 -진로선택: 기하, 미적분Ⅱ, 인공지능 수학, 영미 문학 읽기, 영어 발표와 토론, 심화 영어, 심화 영어 독해와 작문, 직무 영어, 역학과 에너지, 전자기와 양자, 물질과 에너지, 화학 반응의 세계, 세포와 물질대사, 생물의 유전, 인공지능 기초, 데이터 과학",영남대 / 화학·생명과학·환경 / 의생명공학과 / match=high
D15,생명과학과,지구과학,과학,1.0,2,1,"생명과학, 화학, 물리학, 지구과학","강원대
(춘천) / 농업생명과학대학 / 생명․환경융합학부 / match=high"
D15,생명과학과,화학,과학,1.0,71,2,가톨릭대,대표모집단위=생명과학 / match=high
D15,생명과학과,화학 반응의 세계,과학,1.0,16,1,"미적분Ⅱ, 화학 반응의 세계, 세포와 물질대사, 생물의 유전, 물질과 에너지",경북대 / 농업생명과학대학 / 전 모집단위 (식품자원경제학과 제외) / match=high
D15,생명과학과,국어,국어,1.0,3,1,"국어, 수학, 사회","강원대
(춘천) / 농업생명과학대학 / 식품자원경제학과 / match=high"
D15,생명과학과,문학,국어,1.0,2,1,"-일반선택: 대수, 미적분Ⅰ, 확률과 통계, 영어Ⅰ, 영어Ⅱ, 영어 독해와 작문, 물리학, 화학, 생명과학, 정보 -진로선택: 기하, 미적분Ⅱ, 인공지능 수학, 영미 문학 읽기, 영어 발표와 토론, 심화 영어, 심화 영어 독해와 작문, 직무 영어, 역학과 에너지, 전자기와 양자, 물질과 에너지, 화학 반응의 세계, 세포와 물질대사, 생물의 유전, 인공지능 기초, 데이터 과학",영남대 / 화학·생명과학·환경 / 의생명공학과 / match=high
D15,생명과학과,인공지능,기타,1.0,2,1,"-일반선택: 대수, 미적분Ⅰ, 확률과 통계, 영어Ⅰ, 영어Ⅱ, 영어 독해와 작문, 물리학, 화학, 생명과학, 정보 -진로선택: 기하, 미적분Ⅱ, 인공지능 수학, 영미 문학 읽기, 영어 발표와 토론, 심화 영어, 심화 영어 독해와 작문, 직무 영어, 역학과 에너지, 전자기와 양자, 물질과 에너지, 화학 반응의 세계, 세포와 물질대사, 생물의 유전, 인공지능 기초, 데이터 과학",영남대 / 화학·생명과학·환경 / 의생명공학과 / match=high
D15,생명과학과,정보,기타,1.0,2,1,"-일반선택: 대수, 미적분Ⅰ, 확률과 통계, 영어Ⅰ, 영어Ⅱ, 영어 독해와 작문, 물리학, 화학, 생명과학, 정보 -진로선택: 기하, 미적분Ⅱ, 인공지능 수학, 영미 문학 읽기, 영어 발표와 토론, 심화 영어, 심화 영어 독해와 작문, 직무 영어, 역학과 에너지, 전자기와 양자, 물질과 에너지, 화학 반응의 세계, 세포와 물질대사, 생물의 유전, 인공지능 기초, 데이터 과학",영남대 / 화학·생명과학·환경 / 의생명공학과 / match=high
D15,생명과학과,경제,사회,0.5,1,1,"미적분Ⅱ, 경제수학",경북대 / 농업생명과학대학 / 식품자원경제학과 / match=high
D15,생명과학과,사회,사회,1.0,6,1,"확률과 통계, 사회와 문화","강원대
(춘천) / 농업생명과학대학 / 식품자원경제학과 / match=high"
D15,생명과학과,역사,사회,1.0,2,1,"영어, 사회(역사/도덕 포함), 확률과 통계",충남대 / 농업생명과학대학 / 농업경제학과 진로희망자 / match=high
D15,생명과학과,기하,수학,1.0,14,2,서울대,대표모집단위=생명과학 / match=high
D15,생명과학과,대수,수학,1.0,23,2,경희대,대표모집단위=생명과학 / match=high
D15,생명과학과,미적분,수학,1.0,45,1,"영어Ⅰ, 영어Ⅱ, 영어독해와 작문, 미적분Ⅰ, 물리학","강원대
(춘천) / 농업생명과학대학 / 스마트팜융합바이오시스템공학과 / match=high"
D15,생명과학과,미적분Ⅰ,수학,1.0,26,2,경북대,대표모집단위=생명과학 / match=high
D15,생명과학과,미적분Ⅱ,수학,1.0,35,2,경희대,대표모집단위=생명과학 / match=high
D15,생명과학과,수학,수학,1.0,23,1,"화학, 생명과학, 수학",가톨릭대 / 생명공학과 / match=medium
D15,생명과학과,확률과 통계,수학,1.0,24,2,경희대,대표모집단위=생명과학 / match=high
D15,생명과학과,영어,영어,1.0,36,2,동아대,대표모집단위=생명과학 / match=high
D16,미디어커뮤니케이션학과,과학,과학,1.0,6,1,"수학, 과학",국립한밭대 / 정보기술대학 / 지능미디어공학과 / match=medium
D16,미디어커뮤니케이션학과,생명과학,과학,1.0,1,1,"-일반선택: 화법과 언어, 독서와 작문, 문학, 대수, 확률과 통계, 미적분Ⅰ, 영어Ⅰ, 영어Ⅱ, 영어 독해와 작문, 세계시민과 지리, 세계사, 사회와 문화, 현대사회와 윤리, 생명과학, 체육1, 체육2, 기술가정, 정보, 한문, 진로와 직업, 생태환경 -진로선택: 주제탐구 독서, 문학과 영상, 직무 의사소통, 경제 수학, 인공지능 수학, 영어 발표와 토론, 심화 영어, 심화 영어 독해와 작문, 직무 영어, 한국지리 탐구, 도시의 미래 탐구, 동아시아 역사 기행, 정치, 법과 사회, 경제, 윤리와 사상, 인문학과 윤리, 국제 관계의 이해, 세포와 물질대사, 생물의 유전, 운동과 건강, 생활과학 탐구, 인공지능 기초, 데이터 과학, 인간과 철학, 논리와 사고, 인간과 심리, 교육의 이해, 보건",영남대 / 사회과학 / 미디어커뮤니케이션학과 / match=high
D16,미디어커뮤니케이션학과,생물의 유전,과학,1.0,1,1,"-일반선택: 화법과 언어, 독서와 작문, 문학, 대수, 확률과 통계, 미적분Ⅰ, 영어Ⅰ, 영어Ⅱ, 영어 독해와 작문, 세계시민과 지리, 세계사, 사회와 문화, 현대사회와 윤리, 생명과학, 체육1, 체육2, 기술가정, 정보, 한문, 진로와 직업, 생태환경 -진로선택: 주제탐구 독서, 문학과 영상, 직무 의사소통, 경제 수학, 인공지능 수학, 영어 발표와 토론, 심화 영어, 심화 영어 독해와 작문, 직무 영어, 한국지리 탐구, 도시의 미래 탐구, 동아시아 역사 기행, 정치, 법과 사회, 경제, 윤리와 사상, 인문학과 윤리, 국제 관계의 이해, 세포와 물질대사, 생물의 유전, 운동과 건강, 생활과학 탐구, 인공지능 기초, 데이터 과학, 인간과 철학, 논리와 사고, 인간과 심리, 교육의 이해, 보건",영남대 / 사회과학 / 미디어커뮤니케이션학과 / match=high
D16,미디어커뮤니케이션학과,세포와 물질대사,과학,1.0,1,1,"-일반선택: 화법과 언어, 독서와 작문, 문학, 대수, 확률과 통계, 미적분Ⅰ, 영어Ⅰ, 영어Ⅱ, 영어 독해와 작문, 세계시민과 지리, 세계사, 사회와 문화, 현대사회와 윤리, 생명과학, 체육1, 체육2, 기술가정, 정보, 한문, 진로와 직업, 생태환경 -진로선택: 주제탐구 독서, 문학과 영상, 직무 의사소통, 경제 수학, 인공지능 수학, 영어 발표와 토론, 심화 영어, 심화 영어 독해와 작문, 직무 영어, 한국지리 탐구, 도시의 미래 탐구, 동아시아 역사 기행, 정치, 법과 사회, 경제, 윤리와 사상, 인문학과 윤리, 국제 관계의 이해, 세포와 물질대사, 생물의 유전, 운동과 건강, 생활과학 탐구, 인공지능 기초, 데이터 과학, 인간과 철학, 논리와 사고, 인간과 심리, 교육의 이해, 보건",영남대 / 사회과학 / 미디어커뮤니케이션학과 / match=high
D16,미디어커뮤니케이션학과,국어,국어,1.0,8,1,"국어, 영어, 사회","강원대
(춘천) / 사회과학대학 / 미디어커뮤니케이션학과 / match=high"
D16,미디어커뮤니케이션학과,독서와 작문,국어,1.0,3,1,"화법과 언어, 독서와 작문, 영어 독해와 작문, 영어 발표와 토론, 사회와 문화, 사회문제 탐구","강원대
(춘천) / 사회과학대학 / 미디어커뮤니케이션학과 / match=high"
D16,미디어커뮤니케이션학과,문학,국어,1.0,4,1,"화법과 언어, 독서와 작문, 문학, 대수, 미적분Ⅰ, 확률과 통계, 사회와 문화, 현대사회와 윤리, 한문, 제2외국어 과목",광운대 / 인문사회과학대학 / 미디어커뮤니케이션학부 / match=high
D16,미디어커뮤니케이션학과,화법과 언어,국어,1.0,3,1,"화법과 언어, 독서와 작문, 영어 독해와 작문, 영어 발표와 토론, 사회와 문화, 사회문제 탐구","강원대
(춘천) / 사회과학대학 / 미디어커뮤니케이션학과 / match=high"
D16,미디어커뮤니케이션학과,인공지능,기타,1.0,2,1,"-일반선택: 화법과 언어, 독서와 작문, 문학, 대수, 확률과 통계, 미적분Ⅰ, 영어Ⅰ, 영어Ⅱ, 영어 독해와 작문, 세계시민과 지리, 세계사, 사회와 문화, 현대사회와 윤리, 생명과학, 체육1, 체육2, 기술가정, 정보, 한문, 진로와 직업, 생태환경 -진로선택: 주제탐구 독서, 문학과 영상, 직무 의사소통, 경제 수학, 인공지능 수학, 영어 발표와 토론, 심화 영어, 심화 영어 독해와 작문, 직무 영어, 한국지리 탐구, 도시의 미래 탐구, 동아시아 역사 기행, 정치, 법과 사회, 경제, 윤리와 사상, 인문학과 윤리, 국제 관계의 이해, 세포와 물질대사, 생물의 유전, 운동과 건강, 생활과학 탐구, 인공지능 기초, 데이터 과학, 인간과 철학, 논리와 사고, 인간과 심리, 교육의 이해, 보건",영남대 / 사회과학 / 미디어커뮤니케이션학과 / match=high
D16,미디어커뮤니케이션학과,정보,기타,1.0,2,1,"-일반선택: 화법과 언어, 독서와 작문, 문학, 대수, 확률과 통계, 미적분Ⅰ, 영어Ⅰ, 영어Ⅱ, 영어 독해와 작문, 세계시민과 지리, 세계사, 사회와 문화, 현대사회와 윤리, 생명과학, 체육1, 체육2, 기술가정, 정보, 한문, 진로와 직업, 생태환경 -진로선택: 주제탐구 독서, 문학과 영상, 직무 의사소통, 경제 수학, 인공지능 수학, 영어 발표와 토론, 심화 영어, 심화 영어 독해와 작문, 직무 영어, 한국지리 탐구, 도시의 미래 탐구, 동아시아 역사 기행, 정치, 법과 사회, 경제, 윤리와 사상, 인문학과 윤리, 국제 관계의 이해, 세포와 물질대사, 생물의 유전, 운동과 건강, 생활과학 탐구, 인공지능 기초, 데이터 과학, 인간과 철학, 논리와 사고, 인간과 심리, 교육의 이해, 보건",영남대 / 사회과학 / 미디어커뮤니케이션학과 / match=high
D16,미디어커뮤니케이션학과,체육,기타,1.0,1,1,"-일반선택: 화법과 언어, 독서와 작문, 문학, 대수, 확률과 통계, 미적분Ⅰ, 영어Ⅰ, 영어Ⅱ, 영어 독해와 작문, 세계시민과 지리, 세계사, 사회와 문화, 현대사회와 윤리, 생명과학, 체육1, 체육2, 기술가정, 정보, 한문, 진로와 직업, 생태환경 -진로선택: 주제탐구 독서, 문학과 영상, 직무 의사소통, 경제 수학, 인공지능 수학, 영어 발표와 토론, 심화 영어, 심화 영어 독해와 작문, 직무 영어, 한국지리 탐구, 도시의 미래 탐구, 동아시아 역사 기행, 정치, 법과 사회, 경제, 윤리와 사상, 인문학과 윤리, 국제 관계의 이해, 세포와 물질대사, 생물의 유전, 운동과 건강, 생활과학 탐구, 인공지능 기초, 데이터 과학, 인간과 철학, 논리와 사고, 인간과 심리, 교육의 이해, 보건",영남대 / 사회과학 / 미디어커뮤니케이션학과 / match=high
D16,미디어커뮤니케이션학과,경제,사회,1.0,1,1,"-일반선택: 화법과 언어, 독서와 작문, 문학, 대수, 확률과 통계, 미적분Ⅰ, 영어Ⅰ, 영어Ⅱ, 영어 독해와 작문, 세계시민과 지리, 세계사, 사회와 문화, 현대사회와 윤리, 생명과학, 체육1, 체육2, 기술가정, 정보, 한문, 진로와 직업, 생태환경 -진로선택: 주제탐구 독서, 문학과 영상, 직무 의사소통, 경제 수학, 인공지능 수학, 영어 발표와 토론, 심화 영어, 심화 영어 독해와 작문, 직무 영어, 한국지리 탐구, 도시의 미래 탐구, 동아시아 역사 기행, 정치, 법과 사회, 경제, 윤리와 사상, 인문학과 윤리, 국제 관계의 이해, 세포와 물질대사, 생물의 유전, 운동과 건강, 생활과학 탐구, 인공지능 기초, 데이터 과학, 인간과 철학, 논리와 사고, 인간과 심리, 교육의 이해, 보건",영남대 / 사회과학 / 미디어커뮤니케이션학과 / match=high
D16,미디어커뮤니케이션학과,사회,사회,1.0,11,1,"화법과 언어, 독서와 작문, 영어 독해와 작문, 영어 발표와 토론, 사회와 문화, 사회문제 탐구","강원대
(춘천) / 사회과학대학 / 미디어커뮤니케이션학과 / match=high"
D16,미디어커뮤니케이션학과,역사,사회,1.0,3,1,"역사, 윤리, 지리",동국대 / 사회과학 / 미디어커뮤니케이션학전공 / match=high
D16,미디어커뮤니케이션학과,윤리,사회,1.0,4,1,"화법과 언어, 독서와 작문, 문학, 대수, 미적분Ⅰ, 확률과 통계, 사회와 문화, 현대사회와 윤리, 한문, 제2외국어 과목",광운대 / 인문사회과학대학 / 미디어커뮤니케이션학부 / match=high
D16,미디어커뮤니케이션학과,일반사회,사회,1.0,1,1,일반사회,동국대 / 사회과학 / 미디어커뮤니케이션학전공 / match=high
D16,미디어커뮤니케이션학과,지리,사회,1.0,2,1,"역사, 윤리, 지리",동국대 / 사회과학 / 미디어커뮤니케이션학전공 / match=high
D16,미디어커뮤니케이션학과,대수,수학,1.0,3,1,"화법과 언어, 독서와 작문, 문학, 대수, 미적분Ⅰ, 확률과 통계, 사회와 문화, 현대사회와 윤리, 한문, 제2외국어 과목",광운대 / 인문사회과학대학 / 미디어커뮤니케이션학부 / match=high
D16,미디어커뮤니케이션학과,미적분,수학,1.0,3,1,"화법과 언어, 독서와 작문, 문학, 대수, 미적분Ⅰ, 확률과 통계, 사회와 문화, 현대사회와 윤리, 한문, 제2외국어 과목",광운대 / 인문사회과학대학 / 미디어커뮤니케이션학부 / match=high
D16,미디어커뮤니케이션학과,미적분Ⅰ,수학,1.0,3,1,"화법과 언어, 독서와 작문, 문학, 대수, 미적분Ⅰ, 확률과 통계, 사회와 문화, 현대사회와 윤리, 한문, 제2외국어 과목",광운대 / 인문사회과학대학 / 미디어커뮤니케이션학부 / match=high
D16,미디어커뮤니케이션학과,미적분Ⅱ,수학,1.0,1,1,"대수, 미적분Ⅰ, 확률과 통계, 미적분Ⅱ, 과학",아주대 / 소프트웨어융합대학 / 디지털미디어학과 / match=medium
D16,미디어커뮤니케이션학과,수학,수학,1.0,5,1,수학,가톨릭대 / 미디어기술콘텐츠학과 / match=medium
D16,미디어커뮤니케이션학과,확률과 통계,수학,1.0,4,1,"화법과 언어, 독서와 작문, 문학, 대수, 미적분Ⅰ, 확률과 통계, 사회와 문화, 현대사회와 윤리, 한문, 제2외국어 과목",광운대 / 인문사회과학대학 / 미디어커뮤니케이션학부 / match=high
D16,미디어커뮤니케이션학과,영어,영어,1.0,8,1,"화법과 언어, 독서와 작문, 영어 독해와 작문, 영어 발표와 토론, 사회와 문화, 사회문제 탐구","강원대
(춘천) / 사회과학대학 / 미디어커뮤니케이션학과 / match=high"
D17,화학공학과,과학,과학,1.0,12,1,"화학, 생명과학, 수학",가톨릭대 / 바이오메디컬화학공학과 / match=high
D17,화학공학과,물리학,과학,1.0,10,1,"대수, 미적분Ⅰ, 확률과 통계, 물리학, 화학, 미적분Ⅱ, 물질과 에너지, 화학 반응의 세계",경희대 / 재료/화공·고분자·에너지 / 화학공학과 / match=high
D17,화학공학과,물질과 에너지,과학,1.0,6,1,"대수, 미적분Ⅰ, 확률과 통계, 물리학, 화학, 미적분Ⅱ, 물질과 에너지, 화학 반응의 세계",경희대 / 재료/화공·고분자·에너지 / 화학공학과 / match=high
D17,화학공학과,생명과학,과학,1.0,4,1,"화학, 생명과학, 수학",가톨릭대 / 바이오메디컬화학공학과 / match=high
D17,화학공학과,생물의 유전,과학,1.0,2,1,"기하, 미적분Ⅱ, 도시의 미래탐구, 역학과 에너지, 물질과 에너지, 화학 반응의 세계, 세포와 물질대사, 생물의 유전",광운대 / 공과대학 / 화학공학과 / match=high
D17,화학공학과,세포와 물질대사,과학,1.0,3,1,"기하, 미적분Ⅱ, 도시의 미래탐구, 역학과 에너지, 물질과 에너지, 화학 반응의 세계, 세포와 물질대사, 생물의 유전",광운대 / 공과대학 / 화학공학과 / match=high
D17,화학공학과,역학과 에너지,과학,1.0,4,1,"기하, 전자기와 양자, 역학과 에너지",경희대 / 재료/화공·고분자·에너지 / 화학공학과 / match=high
D17,화학공학과,전자기와 양자,과학,1.0,3,1,"기하, 전자기와 양자, 역학과 에너지",경희대 / 재료/화공·고분자·에너지 / 화학공학과 / match=high
D17,화학공학과,화학,과학,1.0,14,1,"화학, 생명과학, 수학",가톨릭대 / 바이오메디컬화학공학과 / match=high
D17,화학공학과,화학 반응의 세계,과학,1.0,6,1,"대수, 미적분Ⅰ, 확률과 통계, 물리학, 화학, 미적분Ⅱ, 물질과 에너지, 화학 반응의 세계",경희대 / 재료/화공·고분자·에너지 / 화학공학과 / match=high
D17,화학공학과,국어,국어,1.0,3,1,"국어, 영어, 수학, 과학",동아대 / 공과대학 / 화학공학과 / match=high
D17,화학공학과,인공지능,기타,1.0,1,1,"-일반선택: 대수, 미적분Ⅰ, 확률과 통계, 영어Ⅰ, 영어Ⅱ, 영어 독해와 작문, 물리학, 화학, 생명과학 -진로선택: 기하, 미적분Ⅱ, 인공지능 수학, 영어 발표와 토론, 심화 영어, 심화 영어 독해와 작문, 역학과 에너지, 전자기와 양자, 물질과 에너지, 화학 반응의 세계, 세포와 물질대사, 생물의 유전, 생활과학 탐구",영남대 / 화공·고분자·에너지 / 화학공학부 / match=high
D17,화학공학과,정보,기타,1.0,1,1,"대수, 미적분Ⅰ, 확률과 통계, 물리학, 화학, 생명과학, 정보",광운대 / 공과대학 / 화학공학과 / match=high
D17,화학공학과,기하,수학,1.0,7,1,"기하, 전자기와 양자, 역학과 에너지",경희대 / 재료/화공·고분자·에너지 / 화학공학과 / match=high
D17,화학공학과,대수,수학,1.0,7,1,"대수, 미적분Ⅰ, 확률과 통계, 물리학, 화학, 미적분Ⅱ, 물질과 에너지, 화학 반응의 세계",경희대 / 재료/화공·고분자·에너지 / 화학공학과 / match=high
D17,화학공학과,미적분,수학,1.0,12,1,"대수, 미적분Ⅰ, 확률과 통계, 물리학, 화학, 미적분Ⅱ, 물질과 에너지, 화학 반응의 세계",경희대 / 재료/화공·고분자·에너지 / 화학공학과 / match=high
D17,화학공학과,미적분Ⅰ,수학,1.0,6,1,"대수, 미적분Ⅰ, 확률과 통계, 물리학, 화학, 미적분Ⅱ, 물질과 에너지, 화학 반응의 세계",경희대 / 재료/화공·고분자·에너지 / 화학공학과 / match=high
D17,화학공학과,미적분Ⅱ,수학,1.0,8,1,"대수, 미적분Ⅰ, 확률과 통계, 물리학, 화학, 미적분Ⅱ, 물질과 에너지, 화학 반응의 세계",경희대 / 재료/화공·고분자·에너지 / 화학공학과 / match=high
D17,화학공학과,수학,수학,1.0,9,1,"화학, 생명과학, 수학",가톨릭대 / 바이오메디컬화학공학과 / match=high
D17,화학공학과,확률과 통계,수학,1.0,6,1,"대수, 미적분Ⅰ, 확률과 통계, 물리학, 화학, 미적분Ⅱ, 물질과 에너지, 화학 반응의 세계",경희대 / 재료/화공·고분자·에너지 / 화학공학과 / match=high
D17,화학공학과,영어,영어,1.0,4,1,"국어, 영어, 수학, 과학",동아대 / 공과대학 / 화학공학과 / match=high
D18,디자인학과,과학,과학,1.0,9,1,"한국지리 탐구, 도시의 미래 탐구, 생명과학, 지구과학","강원대
(춘천) / 산림환경과학대학 / 생태조경디자인학과 / match=high"
D18,디자인학과,생명과학,과학,1.0,1,1,"한국지리 탐구, 도시의 미래 탐구, 생명과학, 지구과학","강원대
(춘천) / 산림환경과학대학 / 생태조경디자인학과 / match=high"
D18,디자인학과,지구과학,과학,1.0,1,1,"한국지리 탐구, 도시의 미래 탐구, 생명과학, 지구과학","강원대
(춘천) / 산림환경과학대학 / 생태조경디자인학과 / match=high"
D18,디자인학과,국어,국어,1.0,16,2,강원대(삼척),대표모집단위=시각디자인 / match=high
D18,디자인학과,독서와 작문,국어,1.0,1,1,"화법과 언어, 독서와 작문, 문학, 영어 발표와 토론, 미술, 미술 창작, 미술 감상과 비평","강원대
(삼척·도계) / 디자인스포츠대학 / 멀티디자인학과 / match=high"
D18,디자인학과,문학,국어,1.0,1,1,"화법과 언어, 독서와 작문, 문학, 영어 발표와 토론, 미술, 미술 창작, 미술 감상과 비평","강원대
(삼척·도계) / 디자인스포츠대학 / 멀티디자인학과 / match=high"
D18,디자인학과,화법과 언어,국어,1.0,1,1,"화법과 언어, 독서와 작문, 문학, 영어 발표와 토론, 미술, 미술 창작, 미술 감상과 비평","강원대
(삼척·도계) / 디자인스포츠대학 / 멀티디자인학과 / match=high"
D18,디자인학과,미술,기타,1.0,3,1,"화법과 언어, 독서와 작문, 문학, 영어 발표와 토론, 미술, 미술 창작, 미술 감상과 비평","강원대
(삼척·도계) / 디자인스포츠대학 / 멀티디자인학과 / match=high"
D18,디자인학과,체육,기타,1.0,2,1,"체육1, 체육2, 운동과 건강","강원대
(삼척·도계) / 디자인스포츠대학 / 휴먼스포츠학과 / match=medium"
D18,디자인학과,사회,사회,1.0,6,1,"국어, 영어, 사회, 과학","강원대
(춘천) / 산림환경과학대학 / 생태조경디자인학과 / match=high"
D18,디자인학과,역사,사회,1.0,1,1,"국어, 영어, 수학, 사회(역사/도덕 포함), 과학 교과",한라대 / 웰니스지역공학대학 / 뷰티디자인학과 / match=high
D18,디자인학과,일반사회,사회,0.5,1,1,조선대,대표모집단위=시각디자인 / match=high
D18,디자인학과,지리,사회,1.0,1,1,"한국지리 탐구, 도시의 미래 탐구, 생명과학, 지구과학","강원대
(춘천) / 산림환경과학대학 / 생태조경디자인학과 / match=high"
D18,디자인학과,수학,수학,1.0,8,1,수학,가톨릭대 / 공간디자인·소비자학과 / match=medium
D18,디자인학과,영어,영어,1.0,16,2,강원대(삼척),대표모집단위=시각디자인 / match=high
D19,식품영양학과,과학,과학,1.0,16,1,"화학, 생명과학, 수학",가톨릭대 / 식품영양학과 / match=high
D19,식품영양학과,물질과 에너지,과학,1.0,3,1,"세포와 물질대사, 생물의 유전, 물질과 에너지, 화학 반응의 세계",경북대 / 생활과학대학 / 식품영양학과 / match=high
D19,식품영양학과,생명과학,과학,1.0,8,1,"화학, 생명과학, 수학",가톨릭대 / 식품영양학과 / match=high
D19,식품영양학과,생물의 유전,과학,1.0,3,1,"세포와 물질대사, 생물의 유전, 물질과 에너지, 화학 반응의 세계",경북대 / 생활과학대학 / 식품영양학과 / match=high
D19,식품영양학과,세포와 물질대사,과학,1.0,4,1,"세포와 물질대사, 생물의 유전, 물질과 에너지, 화학 반응의 세계",경북대 / 생활과학대학 / 식품영양학과 / match=high
D19,식품영양학과,화학,과학,1.0,11,1,"화학, 생명과학, 수학",가톨릭대 / 식품영양학과 / match=high
D19,식품영양학과,화학 반응의 세계,과학,1.0,3,1,"세포와 물질대사, 생물의 유전, 물질과 에너지, 화학 반응의 세계",경북대 / 생활과학대학 / 식품영양학과 / match=high
D19,식품영양학과,국어,국어,1.0,1,1,제2외국어/한문,서울대 / 생활과학대학 / 식품영양학과 / match=high
D19,식품영양학과,독서와 작문,국어,1.0,1,1,"-일반 선택: 화법과 언어, 독서와 작문, 확률과 통계, 영어Ⅰ, 영어Ⅱ, 영어 독해와 작문, 화학, 생명과학, 사회와 문화, 현대사회와 윤리, 미술, 기술가정, 정보, 생태와 환경 -진로 선택: 주제 탐구 독서, 인공지능 수학, 영어 발표와 토론, 세포와 물질대사, 생물의 유전, 미술 창작, 미술 감상과 비평, 생활과학 탐구, 인공지능 기초, 데이터 과학, 인간과 심리",영남대 / 생활과학 / 식품영양학과 / match=high
D19,식품영양학과,화법과 언어,국어,1.0,1,1,"-일반 선택: 화법과 언어, 독서와 작문, 확률과 통계, 영어Ⅰ, 영어Ⅱ, 영어 독해와 작문, 화학, 생명과학, 사회와 문화, 현대사회와 윤리, 미술, 기술가정, 정보, 생태와 환경 -진로 선택: 주제 탐구 독서, 인공지능 수학, 영어 발표와 토론, 세포와 물질대사, 생물의 유전, 미술 창작, 미술 감상과 비평, 생활과학 탐구, 인공지능 기초, 데이터 과학, 인간과 심리",영남대 / 생활과학 / 식품영양학과 / match=high
D19,식품영양학과,미술,기타,1.0,1,1,"-일반 선택: 화법과 언어, 독서와 작문, 확률과 통계, 영어Ⅰ, 영어Ⅱ, 영어 독해와 작문, 화학, 생명과학, 사회와 문화, 현대사회와 윤리, 미술, 기술가정, 정보, 생태와 환경 -진로 선택: 주제 탐구 독서, 인공지능 수학, 영어 발표와 토론, 세포와 물질대사, 생물의 유전, 미술 창작, 미술 감상과 비평, 생활과학 탐구, 인공지능 기초, 데이터 과학, 인간과 심리",영남대 / 생활과학 / 식품영양학과 / match=high
D19,식품영양학과,인공지능,기타,1.0,1,1,"-일반 선택: 화법과 언어, 독서와 작문, 확률과 통계, 영어Ⅰ, 영어Ⅱ, 영어 독해와 작문, 화학, 생명과학, 사회와 문화, 현대사회와 윤리, 미술, 기술가정, 정보, 생태와 환경 -진로 선택: 주제 탐구 독서, 인공지능 수학, 영어 발표와 토론, 세포와 물질대사, 생물의 유전, 미술 창작, 미술 감상과 비평, 생활과학 탐구, 인공지능 기초, 데이터 과학, 인간과 심리",영남대 / 생활과학 / 식품영양학과 / match=high
D19,식품영양학과,정보,기타,1.0,1,1,"-일반 선택: 화법과 언어, 독서와 작문, 확률과 통계, 영어Ⅰ, 영어Ⅱ, 영어 독해와 작문, 화학, 생명과학, 사회와 문화, 현대사회와 윤리, 미술, 기술가정, 정보, 생태와 환경 -진로 선택: 주제 탐구 독서, 인공지능 수학, 영어 발표와 토론, 세포와 물질대사, 생물의 유전, 미술 창작, 미술 감상과 비평, 생활과학 탐구, 인공지능 기초, 데이터 과학, 인간과 심리",영남대 / 생활과학 / 식품영양학과 / match=high
D19,식품영양학과,사회,사회,1.0,1,1,"-일반 선택: 화법과 언어, 독서와 작문, 확률과 통계, 영어Ⅰ, 영어Ⅱ, 영어 독해와 작문, 화학, 생명과학, 사회와 문화, 현대사회와 윤리, 미술, 기술가정, 정보, 생태와 환경 -진로 선택: 주제 탐구 독서, 인공지능 수학, 영어 발표와 토론, 세포와 물질대사, 생물의 유전, 미술 창작, 미술 감상과 비평, 생활과학 탐구, 인공지능 기초, 데이터 과학, 인간과 심리",영남대 / 생활과학 / 식품영양학과 / match=high
D19,식품영양학과,윤리,사회,1.0,1,1,"-일반 선택: 화법과 언어, 독서와 작문, 확률과 통계, 영어Ⅰ, 영어Ⅱ, 영어 독해와 작문, 화학, 생명과학, 사회와 문화, 현대사회와 윤리, 미술, 기술가정, 정보, 생태와 환경 -진로 선택: 주제 탐구 독서, 인공지능 수학, 영어 발표와 토론, 세포와 물질대사, 생물의 유전, 미술 창작, 미술 감상과 비평, 생활과학 탐구, 인공지능 기초, 데이터 과학, 인간과 심리",영남대 / 생활과학 / 식품영양학과 / match=high
D19,식품영양학과,기하,수학,1.0,2,1,"기하, 미적분Ⅱ, 과학",서울대 / 생활과학대학 / 식품영양학과 / match=high
D19,식품영양학과,대수,수학,1.0,2,1,"대수, 미적분Ⅰ, 확률과 통계, 화학, 생명과학, 세포와 물질대사, 생물과 유전",경희대 / 생명과학·환경/생활과학/농림 / 식품영양학과 / match=high
D19,식품영양학과,미적분,수학,1.0,5,1,"대수, 미적분Ⅰ, 확률과 통계, 화학, 생명과학, 세포와 물질대사, 생물과 유전",경희대 / 생명과학·환경/생활과학/농림 / 식품영양학과 / match=high
D19,식품영양학과,미적분Ⅰ,수학,1.0,2,1,"대수, 미적분Ⅰ, 확률과 통계, 화학, 생명과학, 세포와 물질대사, 생물과 유전",경희대 / 생명과학·환경/생활과학/농림 / 식품영양학과 / match=high
D19,식품영양학과,미적분Ⅱ,수학,1.0,3,1,"미적분Ⅱ, 물질과 에너지, 화학 반응의 세계",경희대 / 생명과학·환경/생활과학/농림 / 식품영양학과 / match=high
D19,식품영양학과,수학,수학,1.0,3,1,"화학, 생명과학, 수학",가톨릭대 / 식품영양학과 / match=high
D19,식품영양학과,확률과 통계,수학,1.0,3,1,"대수, 미적분Ⅰ, 확률과 통계, 화학, 생명과학, 세포와 물질대사, 생물과 유전",경희대 / 생명과학·환경/생활과학/농림 / 식품영양학과 / match=high
D19,식품영양학과,영어,영어,1.0,6,1,"영어 발표와 토론, 화학, 생활과학 탐구","강원대
(삼척·도계) / 보건과학대학 / 식품영양학과 / match=high"
D20,간호학과,과학,과학,1.0,20,1,"화학, 생명과학, 수학",가톨릭대 / 간호학과 / match=high
D20,간호학과,물질과 에너지,과학,1.0,3,1,"미적분Ⅱ, 화학, 물질과 에너지, 화학 반응의 세계",경희대 / 간호/보건 / 간호학과 / match=high
D20,간호학과,생명과학,과학,1.0,10,1,"화학, 생명과학, 수학",가톨릭대 / 간호학과 / match=high
D20,간호학과,생물의 유전,과학,1.0,6,1,"세포와 물질대사, 생물의 유전, 화학 반응의 세계",경북대 / 간호대학 / 간호학과 / match=high
D20,간호학과,세포와 물질대사,과학,1.0,6,1,"세포와 물질대사, 생물의 유전, 화학 반응의 세계",경북대 / 간호대학 / 간호학과 / match=high
D20,간호학과,화학,과학,1.0,9,1,"화학, 생명과학, 수학",가톨릭대 / 간호학과 / match=high
D20,간호학과,화학 반응의 세계,과학,1.0,4,1,"세포와 물질대사, 생물의 유전, 화학 반응의 세계",경북대 / 간호대학 / 간호학과 / match=high
D20,간호학과,국어,국어,1.0,2,1,"국어, 영어, 수학, 과학",동아대 / 간호대학 / 간호학과 / match=high
D20,간호학과,기하,수학,0.5,1,1,"기하 또는 미적분Ⅱ, 과학",서울대 / 간호대학 / 간호대학 / match=high
D20,간호학과,대수,수학,1.0,4,1,"대수, 미적분Ⅰ,확률과 통계,생명과학,세포와 물질대사,생물의 유전",경희대 / 간호/보건 / 간호학과 / match=high
D20,간호학과,미적분,수학,1.0,8,1,"대수, 미적분Ⅰ,확률과 통계,생명과학,세포와 물질대사,생물의 유전",경희대 / 간호/보건 / 간호학과 / match=high
D20,간호학과,미적분Ⅰ,수학,1.0,4,1,"대수, 미적분Ⅰ,확률과 통계,생명과학,세포와 물질대사,생물의 유전",경희대 / 간호/보건 / 간호학과 / match=high
D20,간호학과,미적분Ⅱ,수학,1.0,5,1,"미적분Ⅱ, 화학, 물질과 에너지, 화학 반응의 세계",경희대 / 간호/보건 / 간호학과 / match=high
D20,간호학과,수학,수학,1.0,5,1,"화학, 생명과학, 수학",가톨릭대 / 간호학과 / match=high
D20,간호학과,확률과 통계,수학,1.0,4,1,"대수, 미적분Ⅰ,확률과 통계,생명과학,세포와 물질대사,생물의 유전",경희대 / 간호/보건 / 간호학과 / match=high
D20,간호학과,영어,영어,1.0,7,1,"영어, 수학, 과학","강원대
(춘천) / 간호대학 / 간호학과 / match=high"
D21,전기전자공학과,과학,과학,1.0,14,1,"영어, 수학, 과학","강원대
(춘천) / IT대학 / 전기전자공학과 / match=high"
D21,전기전자공학과,물리학,과학,1.0,26,1,"물리학, 화학, 수학",가톨릭대 / 정보통신전자공학부 / match=high
D21,전기전자공학과,물질과 에너지,과학,0.5,7,1,"미적분Ⅱ, 기하, 역학과 에너지, 전자기와 양자, 물질과 에너지, 화학 반응의 세계",고려대 / 공과대학 / 전기전자공학부 / match=high
D21,전기전자공학과,역학과 에너지,과학,1.0,17,1,"대수, 미적분Ⅰ, 확률과 통계, 물리학, 화학, 미적분Ⅱ, 기하, 역학과 에너지, 전자기와 양자",경희대 / 전기·전자 / 미래정보디스플레이학부 / match=high
D21,전기전자공학과,전자기와 양자,과학,1.0,17,1,"대수, 미적분Ⅰ, 확률과 통계, 물리학, 화학, 미적분Ⅱ, 기하, 역학과 에너지, 전자기와 양자",경희대 / 전기·전자 / 미래정보디스플레이학부 / match=high
D21,전기전자공학과,화학,과학,1.0,24,1,"물리학, 화학, 수학",가톨릭대 / 정보통신전자공학부 / match=high
D21,전기전자공학과,화학 반응의 세계,과학,0.5,7,1,"미적분Ⅱ, 기하, 역학과 에너지, 전자기와 양자, 물질과 에너지, 화학 반응의 세계",고려대 / 공과대학 / 전기전자공학부 / match=high
D21,전기전자공학과,국어,국어,1.0,4,1,"국어, 수학, 영어, 과학",한국기술교육대 / ICT융합계열 전기·전자·통신공학부 / AI정보통신공학전공 / match=high
D21,전기전자공학과,화법과 언어,국어,1.0,5,1,"-일반선택: 화법과 언어, 대수, 미적분Ⅰ, 확률과 통계, 영어Ⅰ, 영어Ⅱ, 영어 독해와 작문, 물리학, 정보 -진로선택: 직무 의사소통, 기하, 미적분Ⅱ, 경제 수학, 인공지능 수학, 직무 수학, 심화 영어, 직무 영어, 역학과 에너지, 전자기와 양자, 로봇과 공학세계, 생활과학 탐구, 인공지능 기초, 데이터 과학, 논리와 사고",영남대 / 전기·전자·컴퓨터 / 소프트웨어융합전공 / match=high
D21,전기전자공학과,인공지능,기타,1.0,11,1,"기하, 미적분Ⅱ, 인공지능 수학, 역학과 에너지, 전자기와 양자, 물질과 에너지, 화학 반응의 세계",광운대 / 전자정보공과대학 / 반도체시스템공학부 / match=high
D21,전기전자공학과,정보,기타,1.0,11,1,"대수, 미적분Ⅰ, 확률과 통계, 물리학, 화학, 정보, 기술·가정",광운대 / 전자정보공과대학 / 반도체시스템공학부 / match=high
D21,전기전자공학과,경제,사회,1.0,5,1,"-일반선택: 화법과 언어, 대수, 미적분Ⅰ, 확률과 통계, 영어Ⅰ, 영어Ⅱ, 영어 독해와 작문, 물리학, 정보 -진로선택: 직무 의사소통, 기하, 미적분Ⅱ, 경제 수학, 인공지능 수학, 직무 수학, 심화 영어, 직무 영어, 역학과 에너지, 전자기와 양자, 로봇과 공학세계, 생활과학 탐구, 인공지능 기초, 데이터 과학, 논리와 사고",영남대 / 전기·전자·컴퓨터 / 소프트웨어융합전공 / match=high
D21,전기전자공학과,사회,사회,1.0,1,1,"국어, 영어, 수학, 사회(역사/도덕 포함), 과학 교과",한라대 / 스마트모빌리티융합대학 / 전기전자공학과 / match=high
D21,전기전자공학과,역사,사회,1.0,1,1,"국어, 영어, 수학, 사회(역사/도덕 포함), 과학 교과",한라대 / 스마트모빌리티융합대학 / 전기전자공학과 / match=high
D21,전기전자공학과,기하,수학,1.0,20,1,"대수, 미적분Ⅰ, 확률과 통계, 물리학, 화학, 미적분Ⅱ, 기하, 역학과 에너지, 전자기와 양자",경희대 / 전기·전자 / 미래정보디스플레이학부 / match=high
D21,전기전자공학과,대수,수학,1.0,16,1,"대수, 미적분Ⅰ, 확률과 통계, 물리학, 화학, 미적분Ⅱ, 기하, 역학과 에너지, 전자기와 양자",경희대 / 전기·전자 / 미래정보디스플레이학부 / match=high
D21,전기전자공학과,미적분,수학,1.0,30,1,"영어 독해와 작문, 확률과 통계, 미적분, 물리학","강원대
(춘천) / IT대학 / 전기전자공학과 / match=high"
D21,전기전자공학과,미적분Ⅰ,수학,1.0,17,1,"대수, 미적분Ⅰ, 확률과 통계, 물리학, 화학, 미적분Ⅱ, 기하, 역학과 에너지, 전자기와 양자",경희대 / 전기·전자 / 미래정보디스플레이학부 / match=high
D21,전기전자공학과,미적분Ⅱ,수학,1.0,20,1,"대수, 미적분Ⅰ, 확률과 통계, 물리학, 화학, 미적분Ⅱ, 기하, 역학과 에너지, 전자기와 양자",경희대 / 전기·전자 / 미래정보디스플레이학부 / match=high
D21,전기전자공학과,수학,수학,1.0,22,1,"물리학, 화학, 수학",가톨릭대 / 정보통신전자공학부 / match=high
D21,전기전자공학과,확률과 통계,수학,1.0,17,1,"영어 독해와 작문, 확률과 통계, 미적분, 물리학","강원대
(춘천) / IT대학 / 전기전자공학과 / match=high"
D21,전기전자공학과,영어,영어,1.0,11,1,"영어 독해와 작문, 확률과 통계, 미적분, 물리학","강원대
(춘천) / IT대학 / 전기전자공학과 / match=high"
D22,사학과,과학,과학,1.0,1,1,"수학, 과학/사회",아주대 / 인문대학 / 사학과 / match=medium
D22,사학과,국어,국어,1.0,9,1,"국어, 영어, 사회, 한문","강원대
(춘천) / 인문대학 / 사학과 / match=medium"
D22,사학과,독서와 작문,국어,1.0,2,1,"화법과 언어, 독서와 작문, 영어 독해와 작문, 세계사, 동아시아 역사기행, 한문","강원대
(춘천) / 인문대학 / 사학과 / match=medium"
D22,사학과,문학,국어,1.0,1,1,"-일반선택: 화법과 언어, 독서와 작문, 문학, 영어Ⅰ, 영어Ⅱ, 영어 독해와 작문, 세계시민과 지리, 세계사, 사회와 문화, 현대사회와 윤리 -진로선택: 주제 탐구 독서, 문학과 영상, 직무 의사소통, 영어 발표와 토론, 심화 영어, 심화 영어 독해와 작문, 직무 영어, 한국지리 탐구, 도시의 미래 탐구, 동아시아 역사 기행, 정치, 법과 사회, 경제, 윤리와 사상, 인문학과 윤리, 국제 관계의 이해, 인공지능 기초, 인간과 철학, 논리와 사고, 삶과 종교",영남대 / 인문학 / 역사학과 / match=medium
D22,사학과,화법과 언어,국어,1.0,2,1,"화법과 언어, 독서와 작문, 영어 독해와 작문, 세계사, 동아시아 역사기행, 한문","강원대
(춘천) / 인문대학 / 사학과 / match=medium"
D22,사학과,인공지능,기타,1.0,1,1,"-일반선택: 화법과 언어, 독서와 작문, 문학, 영어Ⅰ, 영어Ⅱ, 영어 독해와 작문, 세계시민과 지리, 세계사, 사회와 문화, 현대사회와 윤리 -진로선택: 주제 탐구 독서, 문학과 영상, 직무 의사소통, 영어 발표와 토론, 심화 영어, 심화 영어 독해와 작문, 직무 영어, 한국지리 탐구, 도시의 미래 탐구, 동아시아 역사 기행, 정치, 법과 사회, 경제, 윤리와 사상, 인문학과 윤리, 국제 관계의 이해, 인공지능 기초, 인간과 철학, 논리와 사고, 삶과 종교",영남대 / 인문학 / 역사학과 / match=medium
D22,사학과,경제,사회,1.0,1,1,"-일반선택: 화법과 언어, 독서와 작문, 문학, 영어Ⅰ, 영어Ⅱ, 영어 독해와 작문, 세계시민과 지리, 세계사, 사회와 문화, 현대사회와 윤리 -진로선택: 주제 탐구 독서, 문학과 영상, 직무 의사소통, 영어 발표와 토론, 심화 영어, 심화 영어 독해와 작문, 직무 영어, 한국지리 탐구, 도시의 미래 탐구, 동아시아 역사 기행, 정치, 법과 사회, 경제, 윤리와 사상, 인문학과 윤리, 국제 관계의 이해, 인공지능 기초, 인간과 철학, 논리와 사고, 삶과 종교",영남대 / 인문학 / 역사학과 / match=medium
D22,사학과,사회,사회,1.0,12,1,인문사회계열 진로 및 적성을 고려하여 교과목 선택 이수,가톨릭대 / 국사학과 / match=medium
D22,사학과,역사,사회,1.0,8,1,"화법과 언어, 독서와 작문, 영어 독해와 작문, 세계사, 동아시아 역사기행, 한문","강원대
(춘천) / 인문대학 / 사학과 / match=medium"
D22,사학과,윤리,사회,1.0,2,1,"일반사회, 지리, 윤리, 한문",동국대 / 문과 / 사학과 / match=medium
D22,사학과,일반사회,사회,0.5,1,1,"일반사회, 지리, 윤리, 한문",동국대 / 문과 / 사학과 / match=medium
D22,사학과,지리,사회,1.0,3,1,"세계사, 한국지리, 한문",국민대 / 글로벌인문·지역대학 / 한국역사학과 / match=medium
D22,사학과,수학,수학,1.0,1,1,"수학, 과학/사회",아주대 / 인문대학 / 사학과 / match=medium
D22,사학과,영어,영어,1.0,5,1,"화법과 언어, 독서와 작문, 영어 독해와 작문, 세계사, 동아시아 역사기행, 한문","강원대
(춘천) / 인문대학 / 사학과 / match=medium"
D23,응용통계학과,과학,과학,1.0,5,1,"기하, 미적분Ⅱ, 과학",서울대 / 자연과학대학 / 통계학과 / match=high
D23,응용통계학과,물리학,과학,1.0,2,1,"대수, 미적분Ⅰ, 확률과 통계, 물리학",경북대 / 자연과학대학 / 통계학과 / match=high
D23,응용통계학과,물질과 에너지,과학,1.0,1,1,"-일반선택: 대수, 미적분Ⅰ, 확률과 통계, 영어Ⅰ, 영어Ⅱ, 물리학, 화학, 정보 -진로선택: 기하, 미적분Ⅱ, 경제 수학, 인공지능 수학, 직무 수학, 심화 영어, 직무 영어, 역학과 에너지, 전자기와 양자, 물질과 에너지, 화학 반응의 세계, 인공지능 기초, 데이터 과학",영남대 / 수학·물리·천문·지구 / 통계학과 / match=high
D23,응용통계학과,역학과 에너지,과학,1.0,1,1,"-일반선택: 대수, 미적분Ⅰ, 확률과 통계, 영어Ⅰ, 영어Ⅱ, 물리학, 화학, 정보 -진로선택: 기하, 미적분Ⅱ, 경제 수학, 인공지능 수학, 직무 수학, 심화 영어, 직무 영어, 역학과 에너지, 전자기와 양자, 물질과 에너지, 화학 반응의 세계, 인공지능 기초, 데이터 과학",영남대 / 수학·물리·천문·지구 / 통계학과 / match=high
D23,응용통계학과,전자기와 양자,과학,1.0,1,1,"-일반선택: 대수, 미적분Ⅰ, 확률과 통계, 영어Ⅰ, 영어Ⅱ, 물리학, 화학, 정보 -진로선택: 기하, 미적분Ⅱ, 경제 수학, 인공지능 수학, 직무 수학, 심화 영어, 직무 영어, 역학과 에너지, 전자기와 양자, 물질과 에너지, 화학 반응의 세계, 인공지능 기초, 데이터 과학",영남대 / 수학·물리·천문·지구 / 통계학과 / match=high
D23,응용통계학과,화학,과학,1.0,1,1,"-일반선택: 대수, 미적분Ⅰ, 확률과 통계, 영어Ⅰ, 영어Ⅱ, 물리학, 화학, 정보 -진로선택: 기하, 미적분Ⅱ, 경제 수학, 인공지능 수학, 직무 수학, 심화 영어, 직무 영어, 역학과 에너지, 전자기와 양자, 물질과 에너지, 화학 반응의 세계, 인공지능 기초, 데이터 과학",영남대 / 수학·물리·천문·지구 / 통계학과 / match=high
D23,응용통계학과,화학 반응의 세계,과학,1.0,1,1,"-일반선택: 대수, 미적분Ⅰ, 확률과 통계, 영어Ⅰ, 영어Ⅱ, 물리학, 화학, 정보 -진로선택: 기하, 미적분Ⅱ, 경제 수학, 인공지능 수학, 직무 수학, 심화 영어, 직무 영어, 역학과 에너지, 전자기와 양자, 물질과 에너지, 화학 반응의 세계, 인공지능 기초, 데이터 과학",영남대 / 수학·물리·천문·지구 / 통계학과 / match=high
D23,응용통계학과,인공지능,기타,1.0,2,1,"미적분Ⅱ, 기하, 인공지능 수학",경북대 / 자연과학대학 / 통계학과 / match=high
D23,응용통계학과,정보,기타,1.0,1,1,"-일반선택: 대수, 미적분Ⅰ, 확률과 통계, 영어Ⅰ, 영어Ⅱ, 물리학, 화학, 정보 -진로선택: 기하, 미적분Ⅱ, 경제 수학, 인공지능 수학, 직무 수학, 심화 영어, 직무 영어, 역학과 에너지, 전자기와 양자, 물질과 에너지, 화학 반응의 세계, 인공지능 기초, 데이터 과학",영남대 / 수학·물리·천문·지구 / 통계학과 / match=high
D23,응용통계학과,경제,사회,1.0,1,1,"-일반선택: 대수, 미적분Ⅰ, 확률과 통계, 영어Ⅰ, 영어Ⅱ, 물리학, 화학, 정보 -진로선택: 기하, 미적분Ⅱ, 경제 수학, 인공지능 수학, 직무 수학, 심화 영어, 직무 영어, 역학과 에너지, 전자기와 양자, 물질과 에너지, 화학 반응의 세계, 인공지능 기초, 데이터 과학",영남대 / 수학·물리·천문·지구 / 통계학과 / match=high
D23,응용통계학과,기하,수학,1.0,5,1,"미적분Ⅱ, 기하, 인공지능 수학",경북대 / 자연과학대학 / 통계학과 / match=high
D23,응용통계학과,대수,수학,1.0,4,1,"대수, 미적분Ⅰ, 확률과 통계, 물리학",경북대 / 자연과학대학 / 통계학과 / match=high
D23,응용통계학과,미적분,수학,1.0,7,1,"대수, 미적분Ⅰ, 확률과 통계, 물리학",경북대 / 자연과학대학 / 통계학과 / match=high
D23,응용통계학과,미적분Ⅰ,수학,1.0,4,1,"대수, 미적분Ⅰ, 확률과 통계, 물리학",경북대 / 자연과학대학 / 통계학과 / match=high
D23,응용통계학과,미적분Ⅱ,수학,1.0,5,1,"미적분Ⅱ, 기하, 인공지능 수학",경북대 / 자연과학대학 / 통계학과 / match=high
D23,응용통계학과,수학,수학,1.0,6,1,"미적분Ⅱ, 기하, 인공지능 수학",경북대 / 자연과학대학 / 통계학과 / match=high
D23,응용통계학과,확률과 통계,수학,1.0,5,1,"대수, 미적분Ⅰ, 확률과 통계, 물리학",경북대 / 자연과학대학 / 통계학과 / match=high
D23,응용통계학과,영어,영어,1.0,2,1,"-일반선택: 대수, 미적분Ⅰ, 확률과 통계, 영어Ⅰ, 영어Ⅱ, 물리학, 화학, 정보 -진로선택: 기하, 미적분Ⅱ, 경제 수학, 인공지능 수학, 직무 수학, 심화 영어, 직무 영어, 역학과 에너지, 전자기와 양자, 물질과 에너지, 화학 반응의 세계, 인공지능 기초, 데이터 과학",영남대 / 수학·물리·천문·지구 / 통계학과 / match=high
D24,컴퓨터공학과,과학,과학,1.0,10,1,"수학, 과학",국립한밭대 / 정보기술대학 / 컴퓨터공학과 / match=high
D24,컴퓨터공학과,물리학,과학,1.0,23,2,가톨릭대,대표모집단위=컴퓨터공학 / match=medium
D24,컴퓨터공학과,물질과 에너지,과학,0.5,1,1,"기하, 미적분Ⅱ, 인공지능 수학, 역학과 에너지, 전자기와 양자, 물질과 에너지",광운대 / 인공지능융합대학 / 컴퓨터정보공학부 / match=high
D24,컴퓨터공학과,생명과학,과학,0.5,4,1,원광대,대표모집단위=컴퓨터공학 / match=medium
D24,컴퓨터공학과,역학과 에너지,과학,0.5,1,1,"기하, 미적분Ⅱ, 인공지능 수학, 역학과 에너지, 전자기와 양자, 물질과 에너지",광운대 / 인공지능융합대학 / 컴퓨터정보공학부 / match=high
D24,컴퓨터공학과,전자기와 양자,과학,0.5,1,1,"기하, 미적분Ⅱ, 인공지능 수학, 역학과 에너지, 전자기와 양자, 물질과 에너지",광운대 / 인공지능융합대학 / 컴퓨터정보공학부 / match=high
D24,컴퓨터공학과,화학,과학,0.5,5,1,경북대,대표모집단위=컴퓨터공학 / match=medium
D24,컴퓨터공학과,국어,국어,1.0,7,2,단국대*,대표모집단위=컴퓨터공학 / match=medium
D24,컴퓨터공학과,인공지능,기타,1.0,5,1,인공지능 수학,경희대 / 컴퓨터 / 소프트웨어융합학과 / match=medium
D24,컴퓨터공학과,정보,기타,1.0,2,1,"대수, 미적분Ⅰ, 확률과 통계, 물리학, 정보",광운대 / 인공지능융합대학 / 컴퓨터정보공학부 / match=high
D24,컴퓨터공학과,사회,사회,1.0,1,1,"국어, 영어, 수학, 사회(역사/도덕 포함), 과학 교과",한라대 / 스마트모빌리티융합대학 / 컴퓨터공학과 / match=high
D24,컴퓨터공학과,역사,사회,1.0,1,1,"국어, 영어, 수학, 사회(역사/도덕 포함), 과학 교과",한라대 / 스마트모빌리티융합대학 / 컴퓨터공학과 / match=high
D24,컴퓨터공학과,기하,수학,1.0,16,2,건국대,대표모집단위=컴퓨터공학 / match=medium
D24,컴퓨터공학과,대수,수학,1.0,26,2,가톨릭대,대표모집단위=컴퓨터공학 / match=medium
D24,컴퓨터공학과,미적분,수학,1.0,14,1,"대수, 미적분Ⅰ, 확률과 통계, 미적분Ⅱ, 기하",경희대 / 컴퓨터 / 소프트웨어융합학과 / match=medium
D24,컴퓨터공학과,미적분Ⅰ,수학,1.0,14,2,강원대(춘천),대표모집단위=컴퓨터공학 / match=medium
D24,컴퓨터공학과,미적분Ⅱ,수학,1.0,22,2,강원대(춘천),대표모집단위=컴퓨터공학 / match=medium
D24,컴퓨터공학과,수학,수학,1.0,17,1,"물리학, 수학",가톨릭대 / 컴퓨터정보공학부 / match=high
D24,컴퓨터공학과,확률과 통계,수학,1.0,17,2,강원대(춘천),대표모집단위=컴퓨터공학 / match=medium
D24,컴퓨터공학과,영어,영어,1.0,12,2,강원대(춘천),대표모집단위=컴퓨터공학 / match=medium
